movie_id,title,overview,release_date,rating,vote_count,popularity,language,poster_path,backdrop_path,genre_ids
969681,Spider-Man: Brand New Day,Fighting crime full-time as Spider-Man in a world that doesn't remember him—and the pressure of seeing his old friends move on without him—sparks a change in Peter Parker he may not have the power to control. But that transformation might also be the only thing that can stop a shocking new threat to the city and those he loves - a powerful villain no one can even see.,2026-07-29,7.864,2828,653.7739,en,/bjiS5ipwxb9JFy3XRRN4OAilSeX.jpg,/qeQJx07rK2xm8SD2sJxFKhE7gs0.jpg,"[878, 28, 12]"
1423191,Resident Evil,"Medical courier Bryan unwittingly finds himself fighting for survival as one fateful, horrifying night collapses around him in chaos.",2026-09-16,7.313,347,584.55,en,/i7UyjfPio0VFHB9rBUZSFyhOoM8.jpg,/3icyRAqgakNcQn6aDVz9libFmBA.jpg,"[27, 878, 12]"
1101383,The End of Oak Street,"After a mysterious cosmic event rips Oak Street from suburbia and transports their neighborhood to someplace unknown, the Platt family soon discovers that their very survival depends on them sticking together as they navigate their now unrecognizable surroundings.",2026-08-12,7.011,1435,485.8521,en,/fYXqpgPmHMphSF2W30GbTeJVIa5.jpg,/b9q9VmbXDvJmTziRqkwdEmFdwhr.jpg,"[878, 9648, 53]"
1204680,Coyote vs. Acme,"After Acme products fail him one too many times in his dogged pursuit of the Roadrunner, Wile E. Coyote decides to hire a billboard lawyer to sue the Acme Corporation.",2026-08-20,7.521,489,409.4076,en,/kYDCl2y0VPvhT5eYWbMRInPoB03.jpg,/7GOW6jod9lLurW5utokAatxg7ql.jpg,"[35, 12, 10751]"
1368337,The Odyssey,"Odysseus, the legendary King of Ithaca, embarks on a long and perilous journey home following the Trojan War. Throughout his voyage, he is forced to confront the whims of gods, mythological monsters, and trials that stretch both his cunning and his humanity to the breaking point.",2026-07-15,8.016,3862,346.9968,en,/5rhTDKUhPYvpdQIijFIs5VoWsON.jpg,/iuylzRSllrGn7YB322kwKoOVMcq.jpg,"[12, 28, 14]"
1375646,Colony,"Professor Se-jeong is thrust into a bloody nightmare when a rapidly mutating virus is released during a biotech conference causing authorities to seal the facility. Trapped inside with no escape, Se-jeong along with a small group of survivors must fight to stay alive while the infected undergo horrific transformations.",2026-05-21,8.085,864,290.1781,ko,/tN799oUR0f1gUKDYdMNrDaY7I51.jpg,/hpBGCnzOvdtQoMyE48gvwp2y5yx.jpg,"[28, 27, 878]"
1294189,The Mongoose,"A falsely accused war hero with nothing to lose leads police on an epic televised cross-country car chase, helped by members of his former Special Forces Army battalion and closely monitored by a fascinated public rooting for his safe getaway.",2026-10-29,0.0,0,266.5748,en,/eSS5mvSG84UUuvtbHel5Yu3Wik4.jpg,/iRIhPqqoUHiFBxn8oYf3gCQnaKk.jpg,"[28, 53]"
1288445,Mutiny,"After witnessing his billionaire boss' murder and being framed for the crime, Cole Reed boards a cargo ship on a one-man crusade to avenge his boss' death only to discover an international conspiracy.",2026-08-19,6.424,434,229.0152,en,/pu2VxGlpGwffOx292w18b1tv96j.jpg,/e2QAGrEmbpmZpMymDRkDisJkvg9.jpg,"[28, 53]"
1482547,Zip Wire,"When her ground-breaking pharmaceutical discovery is stolen and partner murdered, researcher Amy must face her fear of heights to escape nefarious attackers, with the only path to salvation being a treacherous aerial runway. To outsmart the mysterious hostiles, she has to summon every ounce of courage to protect the world-changing scientific discovery — and herself — before it's too late.",2026-08-31,7.615,14,195.9197,en,/cO7J0XSVKPlAjUCMWC7DVBn1Py2.jpg,/sbkkAtymJaH5UzExiK974uPzCY4.jpg,"[28, 53]"
1285366,Shape of My Heart,"A romance about a man and a woman who, due to an unexpected event, end up switching bodies. Despite coming from completely different backgrounds and environments, the two try to overcome the various difficulties that arise from their body swap.",2024-07-06,5.688,8,145.3021,ja,/3r0O6BW9USoZ9mteCVyNKMQriRL.jpg,/yjK3ardrgdS8suZG8KMU82Q7U38.jpg,[10749]
1108427,Moana,"Teenage Moana answers the Ocean's call and, for the first time, voyages beyond the reef of her island of Motunui with infamous demigod Maui on an unforgettable journey to restore prosperity to her people.",2026-07-08,7.425,751,183.5472,en,/gaet1xQ2nxrG0V1Ep9T20ZMNEIC.jpg,/c6BPbkO5Npt1OdwttAxCFo06wtH.jpg,"[10751, 14, 35, 12]"
1440098,Drawn Together,"Marfil, daughter of a powerful Spanish businessman, sees her life in New York turned upside down when she is kidnapped and released without explanation. Her father hires Sebastian Moore as bodyguard and, forced to spend every minute together, an inevitable attraction ignites in a world where nothing is as it seems.",2026-09-09,6.662,108,148.2249,es,/6rpvddXbaQPOi0fB2HKWbZ3uUSg.jpg,/i65y7cMae36K0giN0GRaMjAHUru.jpg,"[10749, 53]"
1084244,Toy Story 5,"When Bonnie receives a Lilypad tablet as a gift and becomes obsessed, Buzz, Woody, Jessie and the rest of the gang's jobs become exponentially harder when they have to go head to head with the all-new threat to playtime.",2026-06-17,8.359,2247,146.8947,en,/sfQtVlIHljToOwYjhe21KPGzZWK.jpg,/qjTqY5coNiz6sVtPng40IzltsoN.jpg,"[16, 10751, 35, 12]"
1339713,Obsession,"After breaking the mysterious ""One Wish Willow"" to win his crush's heart, a hopeless romantic finds himself getting exactly what he asked for but soon discovers that some desires come at a dark, sinister price.",2026-05-13,8.194,5681,123.629,en,/bRwnj8WEKBCvmfeUNOukJPwB43K.jpg,/rZfmzpixLKLR3Hg2u0WgC7XLFl8.jpg,"[27, 53]"
1232569,Pinocchio: Unstrung,"Influenced by a sinister Cricket and created by Geppetto, Pinocchio launches a violent crusade to carve himself into a real boy like his brother James, one piece at a time.",2026-07-22,6.565,107,137.4338,en,/eUJXk3bTvLBi5Zcb0BCedZU7lVL.jpg,/dNKFETDDujxm2PUN873Jwiw5VML.jpg,"[27, 14, 9648]"
1386315,The Runner,"Maia Marten, a brilliant London lawyer, has her life shattered by a single call on her morning run: her son has been taken. To get him back, she must keep running, obey every ruthless command, and trust no one-each second a test of how far a mother will go to save her child.",2026-09-03,6.765,555,123.862,en,/uxCaBoYXsDC4A0SqTm3SISj0OwK.jpg,/jzBWExXacS33rMQ2zLBrqIVweyG.jpg,"[53, 28]"
1240889,Teenage Sex and Death at Camp Miasma,"After years of slapdash sequels, the Camp Miasma franchise is handed over to an enthusiastic young director for resurrection. But when she visits the original’s star, a now-reclusive actress shrouded in mystery, the two women fall into a blood-soaked world of desire, fear, and delirium.",2026-08-06,6.455,166,130.0998,en,/6Q6Zo6GNXMLP600OJSh6MhW21um.jpg,/d1n2ySWSanU34eEsluRjfrjRq52.jpg,"[35, 27, 10749]"
1315772,Minions & Monsters,"This is the rambunctious, ridiculous and totally true story of how the Minions conquered Hollywood, became movie stars, lost everything, unleashed monsters onto the world and then banded together to try and save the planet from the mayhem they had just created.",2026-06-24,7.555,1158,120.1224,en,/4LwvU9SZc8QQzW1X1FAPhNbXnEU.jpg,/kkcwhgSFd81QDlXo8ytrpHPQjhy.jpg,"[12, 16, 35, 10751, 14]"
1323244,Rage of Stars,"A story about a woman from the International Special Forces Unit, who has a premonition about the impending end of humanity.",2026-08-06,6.778,180,114.3201,en,/oLld47ZT1I3iecM3OWhIphohQUJ.jpg,/z7lZgL5tzefTfhyRtouThFhsuUS.jpg,"[28, 878, 53]"
1469930,Project Sacrifice,"While investigating their father’s death inside a major bridge construction company, Yuda and his family attempt to prove that the frequent, deadly workplace accidents are actually human sacrifices.",2026-05-13,3.917,6,109.7721,id,/321rzg1B6RRhcuRgsFHjQ7Xl3XX.jpg,/k3Nc57fdRkzleHjodta45mGJV2C.jpg,"[27, 53]"
82976,The Novices,"Sister Agnès runs away from her convent in Brittany and seeks refuge in Paris with prostitute Mona Lisa. With absolutely no qualifications, the young novice has a hard job finding work, so Mona Lisa tries to teach her the ropes of the oldest profession of them all!",1970-04-01,4.8,13,86.9629,fr,/a2SnSbRxMB4vktOxZapaspY2fTC.jpg,/yhGCxn4pYIQhK52g6JjM4bL9fVX.jpg,"[35, 18]"
1408162,Vishwanath & Sons,A celebrated Olympian shooter travels to America looking for a donor to help his sick child — but unexpected romance complicates his search.,2026-08-14,7.3,28,94.6603,ta,/adDZVEQZnMJ380zPOmVj6vBWHgk.jpg,/nfNaAiiILjYRc2CKkId1ZfPTtlh.jpg,"[18, 10749, 35]"
687163,Project Hail Mary,"Science teacher Ryland Grace wakes up on a spaceship light years from home with no recollection of who he is or how he got there. As his memory returns, he begins to uncover his mission: solve the riddle of the mysterious substance causing the sun to die out. He must call on his scientific knowledge and unorthodox ideas to save everything on Earth from extinction.",2026-03-15,8.639,7923,99.5931,en,/yihdXomYb5kTeSivtFndMy5iDmf.jpg,/8Tfys3mDZVp4tNoH2ktm06a0Tau.jpg,"[878, 12]"
1228834,The Fix,"Disillusioned by the end of the war in Afghanistan, a group of disgraced, war-torn ex-CIA operatives set out to Tehran to take down a life-changing score.",2026-09-10,7.5,23,101.2301,en,/yopXjun3ICFfJci2ukcEzceZjUs.jpg,/dJTWIecL2vxsCRl5G0lRhPsfrhc.jpg,"[28, 53]"
1137844,Mayday,"When a U.S. Navy pilot on a top-secret mission during the Cold War gets trapped behind enemy lines, his only chance at survival is to form an alliance with an eccentric ex-KGB agent.",2026-09-03,8.043,767,91.2819,en,/hVXjX1jLZ1ljFSNGXpjJfbTUOa7.jpg,/g7Ccid5kuD7A8hXWlsQiNfwOxaD.jpg,"[28, 35]"
1224993,Dark Nuns,"Desperation drives two nuns to perform an exorcism no nun should attempt. With a possessed child at the mercy of evil and the opposition of the Catholic Church, they take on the dangerous forbidden rituals themselves, putting their immortal souls in grave danger. They must confront the terrifying cost of their sacrilegious actions, but one goal remains: the boy must be saved at all costs.",2025-01-24,6.186,97,105.5042,ko,/2Abt2GgscAGtGAXTrhH44qPhugI.jpg,/bQdYYutvomoxfLQK8gTV8Z3qsmv.jpg,"[27, 9648, 53, 18]"
1516698,The Last Sunrise,"Ry, a college student with a chronic illness, escapes to Mallorca for the summer with her mother, where she unexpectedly falls for a local and begins to embrace living in the moment. But as her condition worsens and long-hidden family secrets come to light, everything she has found before summer's end is threatened.",2026-08-26,6.793,188,96.0388,en,/3PWJqDfygN0YNNjWsDUOXclCp3h.jpg,/zFCWfU2ViMIm38G1W8UsnSpqmWn.jpg,"[10749, 18]"
1621552,Facing El Chapo,Two Mexican officers must survive the final hours of their shift after crossing a ruthless cartel boss.,2026-08-21,8.799,787,95.4174,es,/alpf5v4UqSFawPmG9RX03Or4BDk.jpg,/c4U96GrPRfnNrS01mBtqnocvlLJ.jpg,"[80, 28, 53]"
1185806,PAW Patrol: The Dino Movie,"The Paw Patrol lands on a mysterious dinosaur island after a storm, where they meet Rex, a stranded pup. When Humdinger's reckless mining triggers a volcano, the team faces their biggest rescue mission yet to save the island.",2026-07-23,8.0,132,94.7701,en,/qnin56Syy5rbG7KCaxWY7SPuy6p.jpg,/6TSxLmwT7j1ugtKi8NyMmdzWAGj.jpg,"[16, 12, 10751, 14, 35]"
1393326,Ghost in the Cell,"In a notorious prison, an invisible force begins killing inmates brutally, compelling enemy gangs and corrupt guards to work together as they try to survive the mounting bloodshed.",2026-04-16,7.185,73,87.5694,id,/zxcMdx0w5Zmg8yZuuiS7CJ8vOea.jpg,/tK3QdOOrX4qEkmSlvrmc8cK7iOU.jpg,"[27, 35, 53]"
755898,War of the Worlds,"Will Radford is a top analyst for Homeland Security who tracks potential threats through a mass surveillance program, until one day an attack by an unknown entity leads him to question whether the government is hiding something from him... and from the rest of the world.",2025-07-29,4.031,1143,91.5395,en,/yvirUYrva23IudARHn3mMGVxWqM.jpg,/iZLqwEwUViJdSkGVjePGhxYzbDb.jpg,"[878, 53]"
1599993,Animals,"Four couples sail the thin line between desire and search for authenticity, in a world where truth is as fragile as their relationships.",2026-02-05,6.367,49,87.9108,es,/9fbZdiOI9fRinl44mNm3CYgEtYR.jpg,/3jgATRIFenOrgNKEC9bFv5QqKGf.jpg,"[35, 53]"
1275779,Disclosure Day,"A cybersecurity expert becomes a whistleblower after uncovering secrets about aliens, putting him on the run from a corporation. Meanwhile, a meteorologist experiencing strange phenomena joins forces with him to prove there's life beyond our understanding.",2026-06-10,7.5,3410,88.0504,en,/AnJ8IQJI23hNpYXVNaythu061Ru.jpg,/flxau5Iu7bChQHsESqvGZ3FQRaI.jpg,"[878, 53]"
1641629,You+Me - Against the World,"Alma Lancaster, 18, appears to lead a perfect life within a wealthy family who believes she is studying law. In secret, she pursues her true dream: filmmaking. On campus, she meets Vadim Arcadi, 20, a magnetic and solitary rebel with a troubled past. Forced to collaborate on a student film, they clash, grow closer and fall in love — despite themselves. But someone is watching them, determined to tear them apart and expose secrets that could destroy both Alma and Vadim.",2026-09-18,5.7,37,94.6606,fr,/bAbBNVplg7h79sm94OyHeKk8Phz.jpg,/nkEhDomjmPHJSA4Tx8pxv0NlKEy.jpg,"[10749, 18]"
1127384,Deep Water,A group of international passengers on a flight from Los Angeles to Shanghai is forced to make an emergency landing in shark-infested waters. The terrified group is forced to work together and overcome their differences if they hope to escape their sinking plane and the frenzy of sharks drawn to the wreckage.,2026-04-30,7.372,602,83.0407,en,/ZWHxL2ETItcZzeVsVfs6gv3SZ7.jpg,/szKv713FcUXx6hcfdY369vtkmzr.jpg,"[27, 53, 12]"
1083381,Backrooms,A strange doorway appears in the basement of a furniture showroom.,2026-05-27,7.0,3382,91.0767,en,/rhGx6E3qRNMgj3i5su2oukNHwIQ.jpg,/dqmMWNWfLnExDRpMtIMqI97GQFR.jpg,"[27, 9648, 878]"
1607127,One Last Shot,"Seasoned Navy SEAL Jake Harris is called back into action when the world is threatened by a former comrade. To track down and prevent the mastermind from extracting the nuclear codes, Harris must lead his team into enemy territory against a brutal barrage of mercenaries, deadly traps, and a reckoning with his own checkered past.",2026-09-22,7.909,11,90.7214,en,/niQ4NBh2jqAf1hDZP5m6ReWFAb7.jpg,/8giIQcHpxgsPVP6c7aQtHl3txuh.jpg,"[28, 53]"
1130948,Rosebush Pruning,"When an American heir living in a luxurious Spanish villa decides to move in with his girlfriend, his departure triggers a family collapse as his brother uncovers the truth behind their mother's tragic death.",2026-04-23,6.12,54,83.9119,en,/rsHEVjzxU8cxz1sm3vboj99daNv.jpg,/vcZ3UUVmFNk90DBSrTBlTKCdbbE.jpg,"[35, 18, 53]"
299536,Avengers: Infinity War,"As the Avengers and their allies have continued to protect the world from threats too large for any one hero to handle, a new danger has emerged from the cosmic shadows: Thanos. A despot of intergalactic infamy, his goal is to collect all six Infinity Stones, artifacts of unimaginable power, and use them to inflict his twisted will on all of reality. Everything the Avengers have fought for has led up to this moment - the fate of Earth and existence itself has never been more uncertain.",2018-04-25,8.243,32955,88.3314,en,/7WsyChQLEftFiDOVTGkv3hFpyyt.jpg,/mDfJG3LC3Dqb67AZ52x3Z0jU0uB.jpg,"[12, 28, 878]"
1506560,Clash of the Thundermans,"When Chloe develops a destructive new superpower, the Hero League orders her to an elite boarding school for superheroes to learn control of her abilities. Faced with the prospect of sending Chloe away for years, the Thundermans split apart, with Phoebe, Barb and Billy taking her into hiding. Max, Hank, and Nora track their rogue family members, until the two factions face off against each other in a full-on battle for the Thundermans’ future.",2026-09-03,6.7,60,78.1683,en,/16oqRrWVzQm6qdGfBxvziZ2UiMT.jpg,/hDwl0YMxwGhNe7u8wgHHk2Hyw3W.jpg,"[10770, 10751, 28]"
299534,Avengers: Endgame,"After the devastating events of Avengers: Infinity War, the universe is in ruins due to the efforts of the Mad Titan, Thanos. With the help of remaining allies, the Avengers must assemble once more in order to undo Thanos' actions and restore order to the universe once and for all, no matter what consequences may be in store.",2019-04-24,8.244,28741,112.3927,en,/ulzhLuWrPK07P1YkdWQLZnQh1JL.jpg,/7RyHsO4yDXtBv1zUU3mTpHeQ0d5.jpg,"[12, 878, 28]"
980431,Avatar Aang: The Last Airbender,"Avatar Aang, the world's last Airbender, learns of an ancient power that could save his culture from extinction. With the help of his friends, he embarks on a global quest to find it before it falls into the wrong hands and threatens to upend the peace they sacrificed everything to achieve.",2026-07-24,9.149,1181,83.0092,en,/3sgnSfNT27Bx5O5ukr7B26mhEQq.jpg,/ezbrL1dMymKQZw7mDEWa2ZTzN7d.jpg,"[16, 12, 14, 28]"
1405742,Portal to Hell,"After a debt-collector finds a portal to hell in a washing machine at his local laundromat, he’s propositioned into feeding it sinners to save his neighbor’s soul, maybe even at the expense of his own.",2025-02-22,5.538,13,84.454,en,/xuXCPJZjmP2FuGG3U16sI1TYEdR.jpg,/eTuPNfCR3hSUnDKm2zBATP4lJym.jpg,"[35, 27]"
1084242,Zootopia 2,"After cracking the biggest case in Zootopia's history, rookie cops Judy Hopps and Nick Wilde find themselves on the twisting trail of a great mystery when Gary De'Snake arrives and turns the animal metropolis upside down. To crack the case, Judy and Nick must go undercover to unexpected new parts of town, where their growing partnership is tested like never before.",2025-11-26,7.674,3450,75.845,en,/oJ7g2CifqpStmoYQyaLQgEU32qO.jpg,/lgotja3xMoJZbynwHfcQcJAEMWH.jpg,"[16, 12, 35, 9648, 10751]"
1058424,Hope,"In the remote South Korean village of Hope Harbor, police chief Bum-seok and officer Sung-ae are called to investigate a mysterious creature wreaking havoc on the community. But all is not as it seems, and perceptions can be misleading. What begins as ignorance plants the seed of disaster, escalating through human conflict into a tragedy of cosmic proportions.",2026-07-15,7.4,85,69.9905,ko,/1n37BJchWHLiSYQkuFxe5KjB951.jpg,/hrCTKrc3Tz2wbPOt5rcrlAhqF11.jpg,"[878, 9648, 28]"
1419406,The Shadow's Edge,Macau Police brings the tracking expert police officer out of retirement to help catch a dangerous group of professional thieves.,2025-08-16,8.284,1453,75.0113,zh,/cHKo3m8N1fwvEy2ZEr0xGmmMODV.jpg,/4BtL2vvEufDXDP4u6xQjjQ1Y2aT.jpg,"[28, 80, 18, 53]"
1560520,Batman: Knightfall Part 1: Knightfall,"Arkham Asylum has been destroyed, and all its inmates have been unleashed upon Gotham City. As Batman races to round up some of his greatest enemies, he is pushed to his physical and mental limits and into a final confrontation with a new threat: the man called Bane!",2026-06-23,9.177,365,75.9198,en,/360qdtu2hLnqMu8SVHMywn420w1.jpg,/caBIySpwuFi2i7ynvHIlnxJLOdN.jpg,"[16, 28, 12, 878]"
460458,Resident Evil: Welcome to Raccoon City,"Once the booming home of pharmaceutical giant Umbrella Corporation, Raccoon City is now a dying Midwestern town. The company’s exodus left the city a wasteland…with great evil brewing below the surface. When that evil is unleashed, the townspeople are forever…changed…and a small group of survivors must work together to uncover the truth behind Umbrella and make it through the night.",2021-11-24,5.932,2799,84.8407,en,/bArhvjRHl535XMaSh9VjInF2mSZ.jpg,/wYtEvBmpBRXPdwGgr1gcWiwJSI7.jpg,"[28, 27, 878]"
83533,Avatar: Fire and Ash,"In the wake of the devastating war against the RDA and the loss of their eldest son, Jake Sully and Neytiri face a new threat on Pandora: the Ash People, a violent and power-hungry Na'vi tribe led by the ruthless Varang. Jake's family must fight for their survival and the future of Pandora in a conflict that pushes them to their emotional and physical limits.",2025-12-17,7.643,4359,75.0649,en,/bRBeSHfGHwkEpImlhxPmOcUsaeg.jpg,/iN41Ccw4DctL8npfmYg1j5Tr1eb.jpg,"[878, 12, 14]"
1318467,The Last Kiss,"Laurel always imagined her first kiss would be a fairy tale. Instead, that fantasy turns frightening when she's cursed with an ability to see the death of anyone she kisses. After a vision reveals her crush is doomed to die in a strange murder spree targeting her closest friends, she races to unmask the killer before the mystery becomes a massacre.",2026-09-15,6.385,13,66.5672,en,/cLZ7iFZc25vluSIKt3XtdSTait4.jpg,/ifAdNCn67jW5y7hcDOUozjRBLU0.jpg,"[27, 9648, 53]"
278,The Shawshank Redemption,"Imprisoned in the 1940s for the double murder of his wife and her lover, upstanding banker Andy Dufresne begins a new life at the Shawshank prison, where he puts his accounting skills to work for an amoral warden. During his long stretch in prison, Dufresne comes to be admired by the other inmates -- including an older prisoner named Red -- for his integrity and unquenchable sense of hope.",1994-09-23,8.731,31387,71.0503,en,/9cqNxx0GxF0bflZmeSMuL5tnGzr.jpg,/pNjh59JSxChQktamG3LMp9ZoQzp.jpg,"[18, 80]"
157336,Interstellar,The adventures of a group of explorers who make use of a newly discovered wormhole to surpass the limitations on human space travel and conquer the vast distances involved in an interstellar voyage.,2014-11-05,8.488,41225,70.4329,en,/yQvGrMoipbRoddT0ZR8tPoR7NfX.jpg,/8sNiAPPYU14PUepFNeSNGUTiHW.jpg,"[12, 18, 878]"
1263337,Heart of the Beast,"After a harrowing plane crash, Special Forces officer James Belmont and his combat dog, Odin, find themselves stranded deep in the Alaskan wilderness. Together, they are forced into a brutal fight for survival against the elements.",2026-09-19,7.8,20,71.8911,en,/1ApfSA8JTqeha3GTFEY8syV4auq.jpg,/bicMU6xVD5deVyKP2azpyx7xkmH.jpg,"[12, 53]"
1081003,Supergirl,"When an unexpected and ruthless adversary strikes too close to home, Kara Zor-El, aka Supergirl, reluctantly joins forces with an unlikely companion on an epic, interstellar journey of vengeance and justice.",2026-06-24,6.676,2387,65.5483,en,/uhzRnTW4DM13UQBvZP3eVNzQTuz.jpg,/heZQmyNvkH236ha2M3JckdUQQqb.jpg,"[28, 12, 878]"
1156869,Blaze of Love,Hong Kong movie,1994-01-01,0.0,0,65.1085,en,/cSOW4av17KfO9K2CRqKCjMbeoMw.jpg,,[]
155,The Dark Knight,"Batman raises the stakes in his war on crime. With the help of Lt. Jim Gordon and District Attorney Harvey Dent, Batman sets out to dismantle the remaining criminal organizations that plague the streets. The partnership proves to be effective, but they soon find themselves prey to a reign of chaos unleashed by a rising criminal mastermind known to the terrified citizens of Gotham as the Joker.",2008-07-16,8.535,36771,65.0717,en,/qJ2tW6WMUDux911r6m7haRef0WH.jpg,/9FE5eD92WfVCiivM9Pq9GVSrlWk.jpg,"[28, 53, 80]"
238,The Godfather,"Spanning the years 1945 to 1955, a chronicle of the fictional Italian-American Corleone crime family. When organized crime family patriarch, Vito Corleone barely survives an attempt on his life, his youngest son, Michael steps in to take care of the would-be killers, launching a campaign of bloody revenge.",1972-03-14,8.687,23614,65.2139,en,/3bhkrj58Vtu7enYsRolD1fZdja1.jpg,/tSPT36ZKlP2WVHJLM4cQPLSzv3b.jpg,"[18, 80]"
6435,Practical Magic,"Sally and Gillian Owens, born into a magical family, have mostly avoided witchcraft themselves. But when Gillian's vicious boyfriend, Jimmy Angelov, dies unexpectedly, the Owens sisters give themselves a crash course in hard magic. With policeman Gary Hallet growing suspicious, the girls struggle to resurrect Angelov -- and unwittingly inject his corpse with an evil spirit that threatens to end their family line.",1998-10-16,6.812,1961,61.0436,en,/AwmToSgf2IL3aHv0QRVsR5KvChv.jpg,/4kbkq887XNT85d6nJonCnmXDWor.jpg,"[10749, 14, 35]"
76341,Mad Max: Fury Road,"An apocalyptic story set in the furthest reaches of our planet, in a stark desert landscape where humanity is broken, and most everyone is crazed fighting for the necessities of life. Within this world exist two rebels on the run who just might be able to restore order.",2015-05-13,7.639,24643,61.0888,en,/ulcAi4dKpAjHwYGS08vNyx9H6I9.jpg,/gqrnQA6Xppdl8vIb2eJc58VC1tW.jpg,"[28, 12, 878]"
1514682,Above & Below,A group of friends set off for an unforgettable vacation. What begins as an adventure of partying and diving quickly turns into a nightmare when they are attacked by criminals in open waters.,2026-07-29,6.1,39,64.1657,en,/7bOuu1SRALGwsG2fLCTvRkCmQBj.jpg,/lSd6nEnlaeQkswLLUgHC5gyuXyU.jpg,"[53, 80]"
1685882,Modha Rathri,"Two strangers are brought together at an unusual wedding where, in one night, too many surprises unfold and several lies are told, spiraling into chaos that changes everything.",2026-08-21,7.2,4,69.3461,ta,/lZiTSLDLIkW9YS6CWo8uaXZMcO6.jpg,/11TnS5t4jJrD6Rl0mv6Klckxv7U.jpg,"[10749, 35]"
860508,The Whisper Man,"When his young son vanishes, a widower enlists help from his estranged father, a retired detective who put away the serial killer now linked to the case.",2026-08-27,6.86,780,63.7537,en,/ndRs5lADYm0PeVjuOxaMcInY0o2.jpg,/uauoVKKCkNA9iWjgJCL8TdSfLf5.jpg,"[80, 18, 53]"
634649,Spider-Man: No Way Home,"Peter Parker is unmasked and no longer able to separate his normal life from the high-stakes of being a super-hero. When he asks for help from Doctor Strange the stakes become even more dangerous, forcing him to discover what it truly means to be Spider-Man.",2021-12-15,7.947,23162,64.6442,en,/1g0dhYtq4irTY1GPXvft6k4YLjm.jpg,/iQFcwSGbZXMkeyKrxbPnwnRo5fl.jpg,"[28, 12, 878]"
24428,The Avengers,"When an unexpected enemy emerges and threatens global safety and security, Nick Fury, director of the international peacekeeping agency known as S.H.I.E.L.D., finds himself in need of a team to pull the world back from the brink of disaster. Spanning the globe, a daring recruitment effort begins!",2012-04-25,8.077,39800,64.2617,en,/RYMX2wcKCBAr24UyPD7xwmjaTn.jpg,/9BBTo63ANSmhC4e6r62OJFuK2GL.jpg,"[878, 28, 12]"
1101412,Fall 2: Deadpoint,"On a perilous climb across Thailand's Mount Kwan, two climbers become trapped thousands of feet above the ground, where vertigo-inducing heights, sheer exposure, and impossible odds turn every moment into a fight for survival.",2026-09-01,6.419,43,67.2442,en,/fgSm5ylwiXbIHn8UbUXDjk9RRu4.jpg,/yBDxqDB29kpH9VojTytjGWBgmdJ.jpg,[53]
1226863,The Super Mario Galaxy Movie,"Having thwarted Bowser's previous plot to marry Princess Peach, Mario and Luigi now face a fresh threat in Bowser Jr., who is determined to liberate his father from captivity and restore the family legacy. Alongside companions new and old, the brothers travel across the stars to stop the young heir's crusade.",2026-04-01,8.222,3709,59.625,en,/eJGWx219ZcEMVQJhAgMiqo8tYY.jpg,/kxQiIJ4gVcD3K6o14MJ72p5yRcE.jpg,"[10751, 35, 12, 14, 16]"
264980,Loves of a French Pussycat,"Rolf, a sex-advice columnist and a lecher, has affairs with numerous women, but never a permanent relationship. Suzanne, one of his ex-lovers, offers to bet that no woman can get Rolf to propose marriage, a bet her girlfriend Andrea eagerly accepts. But there's a catch: To win the bet, Andrea must get the womanizing Rolf to commit to marriage without first going to bed with him.",1972-03-09,4.2,9,54.9531,de,/1WGq9cMuj09tnTJ5wdkINOJff04.jpg,/wVg11RahrRfghgqViuoJgcJL1iM.jpg,[35]
218,The Terminator,"In the post-apocalyptic future, reigning tyrannical supercomputers teleport a cyborg assassin known as the ""Terminator"" back to 1984 to kill Sarah Connor, whose unborn son is destined to lead insurgents against 21st century mechanical hegemony. Meanwhile, the human-resistance movement dispatches a lone warrior to safeguard Sarah. Can he stop the virtually indestructible killing machine?",1984-10-26,7.7,15160,54.5731,en,/qvktm0BHcnmDpul4Hz01GIazWPr.jpg,/ffdqHMWkh1h9MABwIfbfRJhgFW6.jpg,"[28, 53, 878]"
1184918,The Wild Robot,"After a shipwreck, an intelligent robot called Roz is stranded on an uninhabited island. To survive the harsh environment, Roz bonds with the island's animals and cares for an orphaned baby goose.",2024-09-12,8.307,6628,60.0919,en,/wTnV3PCVW5O92JMrFvvrRcV39RU.jpg,/1pmXyN3sKeYoUhu5VBZiDU4BX21.jpg,"[10751, 16, 878, 12]"
1311031,Demon Slayer: Kimetsu no Yaiba Infinity Castle,"The Demon Slayer Corps are drawn into the Infinity Castle, where Tanjiro, Nezuko, and the Hashira face terrifying Upper Rank demons in a desperate fight as the final battle against Muzan Kibutsuji begins.",2025-07-18,8.804,2167,59.8066,ja,/fWVSwgjpT2D78VUh6X8UBd2rorW.jpg,/1RgPyOhN4DRs225BGTlHJqCudII.jpg,"[16, 28, 14]"
27205,Inception,"Cobb, a skilled thief who commits corporate espionage by infiltrating the subconscious of his targets is offered a chance to regain his old life as payment for a task considered to be impossible: ""inception"", the implantation of another person's idea into a target's subconscious.",2010-07-15,8.374,40242,59.0515,en,/xlaY2zyzMfkhk0HSC5VUwzoZPU1.jpg,/8ZTVqvKDQ8emSGUEMjsS4yHAwrp.jpg,"[28, 878, 12]"
1212763,Evil Dead Burn,"After her husband's abrupt death, Alice seeks solace with his remaining family — descendants of a leading researcher on demonic possession. As her in-laws transform one by one into creatures that feed on fear, she comes to discover that the vows she took in life survive even in death.",2026-07-07,7.678,1571,60.0734,en,/uRxrNXQWkHoENm3nwVOZDYSCx2F.jpg,/o0jkkpcN81QqSl8DMLScBCXyUH9.jpg,[27]
1273221,Scary Movie,"Twenty-six years after outrunning a suspiciously familiar masked killer, the Core Four are back in the killer's crosshairs and no horror movie IP is safe.",2026-06-03,6.4,1936,61.7808,en,/znHT8peERZRWG1ME3r0Db0EV8k8.jpg,/xWBiXclrRmTggQHMRsIn84YHavs.jpg,[35]
1377237,Runner,"A former soldier is thrown into a brutal race against time when a critical medical delivery makes him and his unlikely partner the targets of a ruthless cartel. As the mission spirals into a deadly manhunt, every detour, delay, and bullet pushes them closer to failure. With betrayal closing in from every side, they must survive the chase and deliver their cargo to save the life of a little girl.",2026-09-07,7.7,32,60.807,en,/yBKMAIj7clP42UkFejhGDBBoTpb.jpg,/2c9zNZJL0ZdagD6JbmU3hH4hovs.jpg,"[28, 35, 53]"
813418,Hot Spot,"Set in a near future society ruled by sentient A.I., a private eye investigates a murder case only to discover a rebel group capable of undermining the digital overlord. As the detective's identity slowly unravels, his world enters a state of hypnotic meltdown.",2026-08-21,4.905,21,70.8964,en,/42egzT6e4CIEdrEo4Xc31DKyGjA.jpg,/aRsmRuomE4vIGNUPIGLrp9ojM5a.jpg,"[878, 28, 80, 14, 53]"
1386238,Black Gold,"Ramiro meets Damián again after years without seeing each other. Damián always has some shady business going on. This time he wants to go in a search of a certain treasure hidden in an abandoned convent. Lara, Ramiro's girlfriend, doesn't trust Damián and decides to accompany them. What they don't know is that taking that thing from there could unleash a curse that will haunt them forever, unless they return it just as they found it.",2024-12-06,3.0,1,64.844,es,/cULEEfczauEprB8IX1S6c62x4E9.jpg,/8IXRm88SZZQHEWTNHaYC8PNYXj0.jpg,[27]
1301421,The Sheep Detectives,"George Hardy is a shepherd who reads detective novels to his beloved sheep every night, assuming they can't possibly understand. But when a mysterious incident disrupts life on the farm, the sheep realize they must become the detectives. As they follow the clues and investigate human suspects, they prove that even sheep can be brilliant crime-solvers.",2026-04-30,7.935,1704,53.001,en,/iKy5460GdsoknM8ppmGlJbKxAKa.jpg,/a8uQvrplTkhGJQog6GZ6CqF8An6.jpg,"[35, 10751, 9648]"
1302904,Practical Magic 2,The Owens sisters must confront the dark curse that threatens to unravel their family once and for all.,2026-09-09,6.175,80,56.758,en,/ogwQOLbCfncjvBhFb5l0OmQH8KC.jpg,/wE6syT1vv6W24iLGfhR4kQHnIDN.jpg,"[10749, 14, 35]"
533535,Deadpool & Wolverine,"A listless Wade Wilson toils away in civilian life with his days as the morally flexible mercenary, Deadpool, behind him. But when his homeworld faces an existential threat, Wade must reluctantly suit-up again with an even more reluctant Wolverine.",2024-07-24,7.589,9486,58.1344,en,/8cdWjvZQUExUUTzyp4t6EDMubfO.jpg,/by8z9Fe8y7p4jo2YlW2SZDnptyT.jpg,"[28, 35, 878]"
1280738,The Furious,"After a criminal network kidnaps Wang Wei's daughter and the corrupt police refuse to assist him, Wei sets out on his own to locate her. Navin, a tenacious journalist whose wife has mysteriously vanished, is his only ally. In this explosive martial arts showdown, the unlikely duo fights the kidnappers ruthlessly driven by a furious vengeance.",2026-06-10,8.187,750,58.328,zh,/ivQ1Z3lI1xWvAeGDHBw3CCYZDGJ.jpg,/i0eR9O1FnCgBm1cH8WwqxGbAXMS.jpg,"[28, 80, 53]"
1641580,The Last Assassins,"After her father is murdered, a young warrior known as “The Kid” and her guardian cross a violent dystopian future in search of the aunt she has never met. The world is trapped in permanent winter and shrouded in deadly fog, and Nobel is bound by an oath to protect the few remaining members of her family. Their journey leads them to an abandoned laboratory, where holograms reveal secrets from the family’s past. But as the boundary between the digital and physical worlds begins to collapse, the young woman may hold the key to what comes next.",2026-07-21,6.0,6,56.3621,en,/dCEvwyR3XlTos78iHZzPa8a3urg.jpg,/gRh0ZzVpjVW03AnOQNsO5aSYN9b.jpg,"[878, 12, 53, 28]"
1594914,Lucky Strike,"A wounded American soldier fights to survive behind enemy lines during WWII's Battle of the Bulge against the Germans, relying on his instinct, spy craft and a hand-radio to evade capture and find his way back to his unit.",2026-06-26,6.8,47,57.8436,en,/7AEBdyGYXumXWmMFeynE8227KeZ.jpg,/1ebY06Gc1eUZcCoO7IoD4tWCFxm.jpg,"[28, 10752]"
1656489,Sultana,"Sultana is a drama set in Istanbul's one and only strip club, telling a story of a women, power, rivalry and solidarity. A new Turkish story where women are not victims in a fairy tale, but warriors learning that the 'handsome prince' is often the real monster- and their only salvation is each other. Meral the long reigning queen of the one and only strip club of Istanbul which is Sultana, takes a talented new Belarusian dancer named Anna under her wing. But she soon realizes she has created a rival powerful enough to replace her, and a ruthless power struggle erupts between the two women.",2026-04-17,6.0,4,55.4364,tr,/wDebpR4NplIM8EteAGfd51Zdisu.jpg,/lDHfyYkTIWCWWdbHkLZwRXQx3Ul.jpg,"[18, 10402]"
1514863,Best of the Best,"Two childhood besties join UCLA's competitive Bollywood-fusion dance team, only to find the road to the US championships is fiercer than they imagined.",2026-09-18,4.929,42,53.1783,en,/dbP661svmn7XZq3TdSmSUI5UKQJ.jpg,/5m1j7Wibh3HnZq5QHm97v8dI3GH.jpg,[35]
671,Harry Potter and the Philosopher's Stone,"Harry Potter has lived under the stairs at his aunt and uncle's house his whole life. But on his 11th birthday, he learns he's a powerful wizard—with a place waiting for him at the Hogwarts School of Witchcraft and Wizardry. As he learns to harness his newfound powers with the help of the school's kindly headmaster, Harry uncovers the truth about his parents' deaths—and about the villain who's to blame.",2001-11-16,7.903,30265,54.6448,en,/wuMc08IPKEatf9rnMNXvIDxqP4W.jpg,/lvOLivVeX3DVVcwfVkxKf0R22D8.jpg,"[12, 14]"
1234821,Jurassic World Rebirth,"Five years after the events of Jurassic World Dominion, covert operations expert Zora Bennett is contracted to lead a skilled team on a top-secret mission to secure genetic material from the world's three most massive dinosaurs. When Zora's operation intersects with a civilian family whose boating expedition was capsized, they all find themselves stranded on an island where they come face-to-face with a sinister, shocking discovery that's been hidden from the world for decades.",2025-06-23,6.259,3777,51.1393,en,/1RICxzeoNCAO5NpcRMIgg1XT6fm.jpg,/zNriRTr0kWwyaXPzdg1EIxf0BWk.jpg,"[878, 12, 28]"
122,The Lord of the Rings: The Return of the King,"As armies mass for a final battle that will decide the fate of the world--and powerful, ancient forces of Light and Dark compete to determine the outcome--one member of the Fellowship of the Ring is revealed as the noble heir to the throne of the Kings of Men. Yet, the sole hope for triumph over evil lies with a brave hobbit, Frodo, who, accompanied by his loyal friend Sam and the hideous, wretched Gollum, ventures deep into the very dark heart of Mordor on his seemingly impossible quest to destroy the Ring of Power.​",2003-12-17,8.505,27397,56.2081,en,/rCzpDGLbOoPwLjy3OAm5NUPOTrC.jpg,/ctiw6FZK4N36LmkjSklWEbuvlq9.jpg,"[12, 14, 28]"
335984,Blade Runner 2049,"Thirty years after the events of the first film, a new blade runner, LAPD Officer K, unearths a long-buried secret that has the potential to plunge what's left of society into chaos. K's discovery leads him on a quest to find Rick Deckard, a former LAPD blade runner who has been missing for 30 years.",2017-10-04,7.6,15705,55.7571,en,/gajva2L0rPYkEWjzgFlBXCAVBE5.jpg,/gNdLJU9TxrpGx4dkZidjys3fyy0.jpg,"[878, 18]"
569094,Spider-Man: Across the Spider-Verse,"After reuniting with Gwen Stacy, Brooklyn’s full-time, friendly neighborhood Spider-Man is catapulted across the Multiverse, where he encounters the Spider Society, a team of Spider-People charged with protecting the Multiverse's very existence. But when the heroes clash on how to handle a new threat, Miles finds himself pitted against the other Spiders and must set out on his own to save those he loves most.",2023-05-31,8.349,9275,52.103,en,/8Vt6mWEReuy4Of61Lnj5Xj704m8.jpg,/kVd3a9YeLGkoeR50jGEXM6EqseS.jpg,"[16, 28, 12, 878]"
872585,Oppenheimer,The story of J. Robert Oppenheimer's role in the development of the atomic bomb during World War II.,2023-07-19,8.0,12528,55.1334,en,/8Gxv8gSFCU0XGDykEGv7zR1n2ua.jpg,/neeNHeXjMF5fXoCJRsOmkNGC7q.jpg,"[18, 36]"
1284465,The Death of Robin Hood,"Grappling with his past after a life of crime and murder, Robin Hood finds himself gravely injured after a battle he thought would be his last. In the hands of a mysterious woman, he is offered a chance at salvation.",2026-06-18,6.227,324,54.6191,en,/13MmRwmG5NmaMfU8qNrtgGXisiD.jpg,/lh3BDkmWJh998n4fQcHYcVi7dpm.jpg,"[12, 18, 28]"
693134,Dune: Part Two,"Follow the mythic journey of Paul Atreides as he unites with Chani and the Fremen while on a path of revenge against the conspirators who destroyed his family. Facing a choice between the love of his life and the fate of the known universe, Paul endeavors to prevent a terrible future only he can foresee.",2024-02-27,8.136,8598,51.3015,en,/6izwz7rsy95ARzTR3poZ8H6c5pp.jpg,/eZ239CUp1d6OryZEBPnO2n87gMG.jpg,"[878, 12]"
454639,Masters of the Universe,"After being separated for 15 years, the Sword of Power leads Prince Adam back to Eternia, where he discovers his home shattered under the fiendish rule of Skeletor. To save his family and his world, Adam must join forces with his closest allies, Teela and Duncan/Man-At-Arms, and embrace his true destiny as He-Man — the most powerful man in the universe.",2026-06-03,7.124,2155,52.8041,en,/oRuyGUHdoaQxWP3SDfafGkStxTC.jpg,/5MUMB3aPEPEQPCIAaygXFUTWE9Y.jpg,"[28, 14, 878]"
936075,Michael,"The story of Michael Jackson, one of the most influential artists the world has ever known, and his life beyond the music. His journey from the discovery of his extraordinary talent as the lead of the Jackson Five, to the visionary artist whose creative ambition fueled a relentless pursuit to become the biggest entertainer in the world, highlighting both his life off-stage and some of the most iconic performances from his early solo career.",2026-04-22,8.632,4395,56.0259,en,/dueFqKLvjftnELZaGYwY7xinfaI.jpg,/ufSwlnECLoUbBjPrFqEQcWBzHwc.jpg,"[10402, 18]"
205596,The Imitation Game,"Based on the real life story of legendary cryptanalyst Alan Turing, the film portrays the nail-biting race against time by Turing and his brilliant team of code-breakers at Britain's top-secret Government Code and Cypher School at Bletchley Park, during the darkest days of World War II.",2014-11-14,7.98,18433,55.8023,en,/zSqJ1qFq8NXFfi7JeIYMlzyR0dx.jpg,/usuRn9DUKQQr4nBWnrQzlOuZ1Q4.jpg,"[36, 18, 53, 10752]"
150540,Inside Out,"When 11-year-old Riley moves to a new city, her Emotions team up to help her through the transition. Joy, Fear, Anger, Disgust and Sadness work together, but when Joy and Sadness get lost, they must journey through unfamiliar places to get back home.",2015-06-17,7.906,23910,53.8634,en,/2H1TmgdfNtsKlU9jKdeNyYL5y8T.jpg,/jJKZaTBNenlFclQyjrnvzkRmvWE.jpg,"[16, 10751, 12, 18, 35]"
20352,Despicable Me,"Determined to prove he's the world's greatest supervillain, Gru hatches an audacious plan to steal the Moon. To pull it off, he adopts three orphaned girls—Margo, Edith, and Agnes—intending to use them as pawns in his scheme. But the unexpected bond they form forces him to question the criminal life he's always known.",2010-07-08,7.262,16398,53.9025,en,/b1BT309QWjtFUlJPLmXmrcHOWEL.jpg,/2XSeKDmIa2KxaiJy4J9e8FrIZhk.jpg,"[16, 35, 80, 878, 10751]"
863,Toy Story 2,"Andy heads off to Cowboy Camp, leaving his toys to their own devices. Things shift into high gear when an obsessive toy collector named Al McWhiggen, owner of Al's Toy Barn kidnaps Woody. Andy's toys mount a daring rescue mission, Buzz Lightyear meets his match and Woody has to decide where he and his heart truly belong.",1999-10-30,7.623,15381,52.2603,en,/4rbcp3ng8n1MKHjpeqW0L7Fnpzz.jpg,/nsfVr4QbbunUrHINN9N7JdVAMTf.jpg,"[16, 35, 10751]"
1327819,Hoppers,"Scientists have discovered how to 'hop' human consciousness into lifelike robotic animals, allowing people to communicate with animals as animals. Animal lover Mabel seizes an opportunity to use the technology, uncovering mysteries within the animal world beyond anything she could have imagined.",2026-03-04,8.149,2360,51.7889,en,/xjtWQ2CL1mpmMNwuU5HeS4Iuwuu.jpg,/u53UYu5XG2hNgWGvs3xGhAVzypl.jpg,"[12, 16, 35, 10751, 878]"
120,The Lord of the Rings: The Fellowship of the Ring,"Young hobbit Frodo Baggins, after inheriting a mysterious ring from his uncle Bilbo, must leave his home in order to keep it from falling into the hands of its evil creator. Along the way, a fellowship is formed to protect the ringbearer and make sure that the ring arrives at its final destination: Mt. Doom, the only place where it can be destroyed.",2001-12-18,8.445,28389,50.7379,en,/6oom5QYQ2yQTMJIbnvbkBL9cHo6.jpg,/oiwc338EoBgS4sEI2ixAny4KQKg.jpg,"[12, 14, 28]"
414906,The Batman,"In his second year of fighting crime, Batman uncovers corruption in Gotham City that connects to his own family while facing a serial killer known as the Riddler.",2022-03-01,7.67,12543,48.7997,en,/74xTEgt7R36Fpooo50r9T25onhq.jpg,/rvtdN5XkWAfGX6xDuPL6yYS2seK.jpg,"[80, 9648, 53]"
1003596,Avengers: Doomsday,Beloved heroes from three distinct universes are set on a deadly collision course and face an existential threat unlike anything they've ever encountered.,2026-12-16,0.0,0,53.0277,en,/jzPwsojjFStf5lR5Nm07w2hH56G.jpg,/s4v0UX1anfXm0UvloLsTTJ4v222.jpg,"[878, 28, 12]"
1180894,Under Your Feet,"Isabel moves with her two children into a very prestigious building that has a very peculiar admission method but at a very affordable rental fee. Once approved and settled, three elderly neighbors from the lower floor will turn their lives upside down.",2026-02-19,5.019,27,46.5823,es,/sk5DjLp7x9cmi0V1423YJmIVJbC.jpg,/wRRvCEb871lZPcssGwEnJt0l3KN.jpg,[27]
19995,Avatar,"In the 22nd century, a paraplegic Marine is dispatched to the moon Pandora on a unique mission, but becomes torn between following orders and protecting an alien civilization.",2009-12-16,7.609,34711,46.2996,en,/gKY6q7SjCkAU6FqvqWybDYgUKIF.jpg,/vL5LR6WdxWPjLPFRLe133jXWsh5.jpg,"[878, 28, 12]"
603,The Matrix,"Set in the 22nd century, The Matrix tells the story of a computer hacker who joins a group of underground insurgents fighting the vast and powerful computers who now rule the earth.",1999-03-31,8.259,28774,47.9246,en,/dXNAPwY7VrqMAo51EKhhCJfaGb5.jpg,/lrtSb1skJayPydZk0OSMAKjBOVe.jpg,"[28, 878]"
550,Fight Club,"A ticking-time-bomb insomniac and a slippery soap salesman channel primal male aggression into a shocking new form of therapy. Their concept catches on, with underground ""fight clubs"" forming in every town, until an eccentric gets in the way and ignites an out-of-control spiral toward oblivion.",1999-10-15,8.437,32899,47.1488,en,/jSziioSwPVrOy9Yow3XhWIBDjq1.jpg,/c6OLXfKAk5BKeR6broC8pYiCquX.jpg,"[18, 53]"
1314481,The Devil Wears Prada 2,"Andy Sachs returns to Runway as Miranda Priestly navigates a new media landscape and Runway's position within. The duo reconnect with former assistant Emily Charlton, now the head of a luxury brand that possesses funding which could ensure Runway's survival.",2026-04-29,7.049,2356,47.0659,en,/xTI42pmsP5EDnvsNJPEDubwWBQO.jpg,/Af907x5h9W1wVis8XrSd7ynTWuy.jpg,"[35, 18]"
10138,Iron Man 2,"With the world now aware of his dual life as the armored superhero Iron Man, billionaire inventor Tony Stark faces pressure from the government, the press and the public to share his technology with the military. Unwilling to let go of his invention, Stark, with Pepper Potts and James 'Rhodey' Rhodes at his side, must forge new alliances – and confront powerful enemies.",2010-04-28,6.855,22938,49.5313,en,/6WBeq4fCfn7AN0o21W9qNcRF2l9.jpg,/7lmBufEG7P7Y1HClYK3gCxYrkgS.jpg,"[12, 28, 878]"
1288059,I Want Your Sex,"When a naive young man becomes the sexual muse for a renowned and provocative artist, his dream job quickly turns dangerous as he is drawn into an obsessive world of power, betrayal, and murder.",2026-07-29,6.1,81,46.8731,en,/pR7SIX3AwqdoD96OI44oLG98e7g.jpg,/gQsjbxdjJUam7buy4U2TpVTiGSO.jpg,[35]
49026,The Dark Knight Rises,"Following the death of District Attorney Harvey Dent, Batman assumes responsibility for Dent's crimes to protect the late attorney's reputation and is subsequently hunted by the Gotham City Police Department. Eight years later, Batman encounters the mysterious Selina Kyle and the villainous Bane, a new terrorist leader who overwhelms Gotham's finest. The Dark Knight resurfaces to protect a city that has branded him an enemy.",2012-07-17,7.797,24981,43.3461,en,/hr0L2aueqlP2BYUblTTjmtn0hw4.jpg,/c3OHQncTAnKFhdOTX7D3LTW6son.jpg,"[28, 80, 18, 53]"
1451944,Lust Stories 3,"Through four bite-sized yet emotionally resonant films, the anthology once again explores lust, love, relationships, and repressed desire, offering fresh perspectives on intimacy, longing, and human connection in all their complexity.",2026-09-18,6.5,6,49.5056,hi,/cLA83DD1qMEBwbRIYXf29RKjMja.jpg,/jRtR4aTq4vmxRg9ah60R5i1kkQ7.jpg,"[10749, 18]"
44980,Zero Woman 2,"When a valuable suitcase is stolen, the mob, petty criminals, and a beautiful agent from the Elite Zero division are pulled into a battle to settle the score.",1995-09-05,5.0,8,49.7778,ja,/sQHeDjwmBQba8E51Mkp5dvgkzeZ.jpg,/vP7YFt9pP8NPCg4PMBAHO5ILdrQ.jpg,"[28, 53]"
1061474,Superman,"Superman, a journalist in Metropolis, embarks on a journey to reconcile his Kryptonian heritage with his human upbringing as Clark Kent.",2025-07-09,7.325,5479,47.283,en,/ldyfo0BKmz5rWtJJKCvwaNS4cJT.jpg,/yRBc6WY3r1Fz5Cjd6DhSvzqunED.jpg,"[878, 12, 28]"
1290821,Shelter,"A man living in self-imposed exile on a remote island rescues a young girl from a violent storm, setting off a chain of events that forces him out of seclusion to protect her from enemies tied to his past.",2026-01-28,7.763,1894,47.6081,en,/cv7DeQQ7TOozPoTCBdNJIvWKhU1.jpg,/nHxWyy18SvAZ8jJeemtS8k1UNjM.jpg,"[28, 80, 53]"
680,Pulp Fiction,"A burger-loving hit man, his philosophical partner, a drug-addled gangster's moll and a washed-up boxer converge in this sprawling, comedic crime caper. Their adventures unfurl in three stories that ingeniously trip back and forth in time.",1994-09-10,8.48,30911,45.9668,en,/vQWk5YBFWF4bZaofAbv0tShwBvQ.jpg,/suaEOtk1N1sgg2MTM7oZd2cfVp3.jpg,"[53, 80, 35]"
1007757,Swapped,"A small woodland creature and a majestic bird, two natural sworn enemies of the Valley, magically trade places and set off on an adventure of a lifetime to switch back. Their journey soon uncovers a greater threat—one that could endanger not only their species, but the entire valley they call home.",2026-05-01,8.868,2197,45.5412,en,/tHhxWxge06goXU6ZQH1hj7vK8Hd.jpg,/zMwhWailP1WY7sb6AoE6b8ugoy.jpg,"[12, 16, 10751, 14]"
822119,Captain America: Brave New World,"After meeting with newly elected U.S. President Thaddeus Ross, Sam finds himself in the middle of an international incident. He must discover the reason behind a nefarious global plot before the true mastermind has the entire world seeing red.",2025-02-12,5.953,3419,43.5951,en,/pzIddUEMWhWzfvLI3TwxUG2wGoi.jpg,/ce3prrjh9ZehEl5JinNqr4jIeaB.jpg,"[28, 53, 878]"
1110034,Kraken,"A marine biologist is doing research on a fish farm when she encounters several strange occurrences. Along with the brutal deaths of two teenagers, all signs point to the deep fjord; can there be more to the depths than the eye can see?",2026-02-06,6.3,329,48.1403,no,/6kl4oAJgeGmxqNoDu4wk58YpORN.jpg,/oV472EbPedkc5QzqolGc7sCgCnn.jpg,"[27, 28, 53]"
1291595,Insidious: Out of the Further,"Gemma, a young mother raising her daughter in the house she grew up in, discovers she can travel into The Further, where she possesses an ability to bring what lives there back to the real world.",2026-08-19,6.491,158,47.8869,en,/4tTrW9dXCByS5wt2pXVWb58zNjz.jpg,/hD8y787ciNWQ2bn396YrSsOIzdN.jpg,"[27, 53]"
1523145,Your Heart Will Be Broken,"High school student Polina is saved from bullying at her new school and makes a deal with the main bully Bars: he must pretend to be her boyfriend and protect her, and she must do everything he says. During this game, the couple develops real feelings, but her family and classmates have reasons to separate the lovers.",2026-03-26,7.082,122,45.4129,ru,/7wIBfBl2gejt6xHxNSK0reVIm7E.jpg,/fRjy6zDeNjfzmjpKz8mElA9Aa6l.jpg,[10749]
438631,Dune,"Paul Atreides, a brilliant and gifted young man born into a great destiny beyond his understanding, must travel to the most dangerous planet in the universe to ensure the future of his family and his people. As malevolent forces explode into conflict over the planet's exclusive supply of the most precious resource in existence - a commodity capable of unlocking humanity's greatest potential - only those who can conquer their fear will survive.",2021-09-15,7.784,15571,42.6137,en,/v1tRXZ4JtD2Iv6fjkPvT4GiwslV.jpg,/zRKQW58MBEY078AxkHxEJzUskCl.jpg,"[878, 12]"
911430,F1,Racing legend Sonny Hayes is coaxed out of retirement to lead a struggling Formula 1 team—and mentor a young hotshot driver—while chasing one more chance at glory.,2025-06-25,7.827,4700,45.7088,en,/9PXZIUsSDh4alB80jheWX4fhZmy.jpg,/lkDYN0whyE82mcM20rwtwjbniKF.jpg,"[28, 18]"
1439930,The Punisher: One Last Kill,"As Frank Castle searches for meaning beyond revenge, an unexpected force pulls him back into the fight.",2026-05-12,8.276,2247,45.2346,en,/qQclTgLMDvGBuUBFGHRipxkEwWR.jpg,/qO55CD8tgVL1T4WKn6zYFFiD6lL.jpg,"[28, 18, 80]"
447365,Guardians of the Galaxy Vol. 3,"Peter Quill, still reeling from the loss of Gamora, must rally his team around him to defend the universe along with protecting one of their own. A mission that, if not completed successfully, could quite possibly lead to the end of the Guardians as we know them.",2023-05-03,7.933,8841,42.9295,en,/r2J02Z2OpNTctfOSN1Ydgii51I3.jpg,/5YZbUmjbMa3ClvSW1Wj3D6XGolb.jpg,"[878, 12, 28]"
1368166,The Housemaid,"Trying to escape her past, Millie Calloway accepts a job as a live-in housemaid for the wealthy Nina and Andrew Winchester. But what begins as a dream job quickly unravels into something far more dangerous—a sexy, seductive game of secrets, scandal, and power.",2025-12-18,7.258,3099,44.7888,en,/cWsBscZzwu5brg9YjNkGewRUvJX.jpg,/zTnAnYIn0Iv3cn0ZHlzLhou3ybm.jpg,"[9648, 53]"
1284186,Sacrifice,"During a star-studded charity gala brimming with celebrities, billionaires and empty speeches, a movie star in the midst of an existential crisis is taken hostage by a radical warrior and her devoted followers. As the night descends into chaos, both an inward journey and an outward adventure ensue, where the line between performance and belief, salvation and sacrifice, begins to blur.",2026-04-09,5.474,19,43.8716,en,/SGH7mlgfDyGgRCi2At62Ljg3zV.jpg,/1mImp4LczEYMx7c6LZUlUyAilJu.jpg,"[12, 35, 28]"
557,Spider-Man,"After being bitten by a genetically altered spider at Oscorp, nerdy but endearing high school student Peter Parker is endowed with amazing powers to become the superhero known as Spider-Man.",2002-05-01,7.356,21457,44.67,en,/or6XJBVpcEbIkma0V9zshnbEtx4.jpg,/zQ8AxTPiCiS5nnwXpwTBPBHSaa5.jpg,"[28, 878]"
672,Harry Potter and the Chamber of Secrets,"Cars fly, trees fight back, and a mysterious house-elf comes to warn Harry Potter at the start of his second year at Hogwarts. Adventure and danger await when bloody writing on a wall announces: The Chamber Of Secrets Has Been Opened. To save Hogwarts will require all of Harry, Ron and Hermione's magical abilities and courage.",2002-11-13,7.707,24098,47.3494,en,/sdEOH0992YZ0QSxgXNIGLq1ToUi.jpg,/zuYEvft5fuzBDOeq4ClYpiu9LlO.jpg,"[12, 14]"
1124142,The Rivals of Amziah King,"Deep within the backwoods of rural Oklahoma, charismatic and musically gifted Amziah King herds a bluegrass-playing band of misfits while overseeing the premier honey-making operation in town. When Amziah’s estranged foster daughter unexpectedly returns, Amziah leaps at the possibility to renew connection and create a family business. But the honey game is ruthless, and Amziah’s rivals threaten to destroy everything he has built.",2026-08-13,6.8,82,39.8888,en,/j2ajSnvBSb0rvDJrlTWTsxsmHWJ.jpg,/3qR1ZxuEzDksDGT13mHH2IiEq7G.jpg,"[53, 80, 18]"
13,Forrest Gump,"A man with a low IQ has accomplished great things in his life and been present during significant historic events—in each case, far exceeding what anyone imagined he could do. But despite all he has achieved, his one true love eludes him.",1994-06-23,8.461,30502,42.0356,en,/Cw4hIUIAmSYfK9QfaUW5igp9La.jpg,/66Kn4XWhkuPkJxOJyPEx4U2CUfN.jpg,"[35, 18, 10749]"
76600,Avatar: The Way of Water,"Set more than a decade after the events of the first film, learn the story of the Sully family (Jake, Neytiri, and their kids), the trouble that follows them, the lengths they go to keep each other safe, the battles they fight to stay alive, and the tragedies they endure.",2022-12-14,7.584,14655,43.4029,en,/t6HIqrRAclMCA60NsSmeqe9RmNV.jpg,/kJsPVzdyBrYHLomuNv5SJDXUQ2f.jpg,"[28, 12, 878]"
737057,Suspicious Practice Room: Special Treatment of Mother's Friend,"A sick hospitalization life in a hospital run by a mother's friend. Shin, who injured her leg in an accident, is admitted to the hospital of her mother's friend Ayumi. Unable to bear the cravings accumulated in the increasingly prolonged hospital life, God secretly masturbates and gets caught by nurse Koharu. Rather than being surprised, Koharu covets God's secret place as an excuse for massage. Moreover, it turns out that Ayumi also has a secret secret.",2018-03-06,3.75,4,47.3005,ko,/sP1s76Er7RlV9FyfMkrEowE1wk6.jpg,,"[18, 10749]"
1384216,The Dog Stars,"After the world's population has been ravaged by a pandemic, a man lives a lonesome existence in a Colorado airplane hangar with his dog and a dour gunman he has befriended. When a mysterious transmission comes through on the radio while he’s flying his old Cessna, it sparks a hunt for the provenance of the sound.",2026-08-26,6.592,284,43.9697,en,/A7i16oDi03qrKep5pBfuTWNUTb.jpg,/quAHqi4zBrB5fIfHvgrqiG4xzAC.jpg,"[878, 53, 12]"
673,Harry Potter and the Prisoner of Azkaban,Harry Potter's life is in danger once more as dangerous wizard Sirius Black has escaped from Azkaban Prison and is heading to Hogwarts.,2004-05-31,8.012,23660,43.2591,en,/aWxwnYoe8p2d2fcxOqtvAtJ72Rw.jpg,/htmYEfH7TQgzsXHCnNXxmoYKQtL.jpg,"[12, 14]"
895954,母女汽车中心,"Yeon Ja, a working mother, runs a car center after divorce and is raising her daughter all by herself. Her daughter, Ah Jung, started helping her when she became an adult, however, the customers don't trust weak-looking women to touch machines and the business at the car center is slow. Thanks to Ah Jung's punk boyfriend, Sung Hoon, they came up with an idea to turn the car center into a sexy car center.",2021-01-01,4.0,1,69.4959,ko,/saca8CL9kk22AS5BfMbwSYgMvdp.jpg,,[10749]
597,Titanic,"101-year-old Rose DeWitt Bukater tells the story of her life aboard the Titanic, 84 years later. A young Rose boards the ship with her mother and fiancé. Meanwhile, Jack Dawson and Fabrizio De Rossi win third-class tickets aboard the ship. Rose tells the whole story from Titanic's departure through to its death—on its first and last voyage—on April 15, 1912.",1997-12-18,7.9,27773,43.4844,en,/9xjZS2rlVxm8SFx8kPC3aIGCOYQ.jpg,/xXCuto8YVp5RFqBJ7yKmVmLOWpF.jpg,"[18, 10749]"
1495,Kingdom of Heaven,"After his wife dies, a blacksmith named Balian is thrust into royalty, political intrigue and bloody holy wars during the Crusades.",2005-05-03,7.091,5245,43.6051,en,/rNaBe4TwbMef71sgscqabpGKsxh.jpg,/8itHQecANtOevcCdr3AhVxFCYkw.jpg,"[18, 28, 12, 36, 10752]"
361743,Top Gun: Maverick,"After more than thirty years of service as one of the Navy’s top aviators, and dodging the advancement in rank that would ground him, Pete “Maverick” Mitchell finds himself training a detachment of TOP GUN graduates for a specialized mission the likes of which no living pilot has ever seen.",2022-05-21,8.158,11585,44.6816,en,/n0YuM4f5lvGAP6MAW2kBIzugXnc.jpg,/AaV1YIdWKnjAIAOe8UUKBFm327v.jpg,"[28, 18]"
354912,Coco,"Despite his family’s baffling generations-old ban on music, Miguel dreams of becoming an accomplished musician like his idol, Ernesto de la Cruz. Desperate to prove his talent, Miguel finds himself in the stunning and colorful Land of the Dead following a mysterious chain of events. Along the way, he meets charming trickster Hector, and together, they set off on an extraordinary journey to unlock the real story behind Miguel's family history.",2017-10-27,8.197,21424,42.3996,en,/6Ryitt95xrO8KXuqRGm1fUuNwqF.jpg,/g7CHF8gTLGooTbP4GznIGwaqAGL.jpg,"[10751, 16, 10402, 12]"
324857,Spider-Man: Into the Spider-Verse,"Struggling to find his place in the world while juggling school and family, Brooklyn teenager Miles Morales is unexpectedly bitten by a radioactive spider and develops unfathomable powers just like the one and only Spider-Man. While wrestling with the implications of his new abilities, Miles discovers a super collider created by the madman Wilson ""Kingpin"" Fisk, causing others from across the Spider-Verse to be inadvertently transported to his dimension.",2018-12-06,8.4,17901,41.8174,en,/iiZZdoQBEYBv6id8su7ImL0oCbD.jpg,/1ntePsIqeklfmrQJqZPncCydsqY.jpg,"[16, 28, 12, 878]"
315635,Spider-Man: Homecoming,"Following the events of Captain America: Civil War, Peter Parker, with the help of his mentor Tony Stark, tries to balance his life as an ordinary high school student in Queens, New York City, with fighting crime as his superhero alter ego Spider-Man as a new threat, the Vulture, emerges.",2017-07-05,7.333,23936,41.8244,en,/c24sv2weTHPsmDa7jEMN0m2P3RT.jpg,/fn4n6uOYcB6Uh89nbNPoU2w80RV.jpg,"[28, 12, 878]"
98,Gladiator,"After the death of Emperor Marcus Aurelius, his devious son takes power and demotes Maximus, one of Rome's most capable generals who Marcus preferred. Eventually, Maximus is forced to become a gladiator and battle to the death against other men for the amusement of paying audiences.",2000-05-04,8.23,21525,39.9769,en,/aDb548BOkFfI4nFm0kx8A3Ezh7H.jpg,/Ar7QuJ7sJEiC0oP3I8fKBKIQD9u.jpg,"[28, 18, 12]"
1265609,War Machine,"On one last grueling mission during Army Ranger training, a combat engineer must lead his unit in a fight against a giant otherworldly killing machine.",2026-02-12,7.49,2496,43.8199,en,/ril8yx5SOmj0KjNlftsdfIp00fr.jpg,/6yeVcxFR0j08vlv2OlL6zbewm4D.jpg,"[28, 878, 53]"
58,Pirates of the Caribbean: Dead Man's Chest,"Captain Jack Sparrow’s got a blood debt to pay: he owes his soul to the legendary Davy Jones, ghastly Ruler of the Ocean Depths. To escape eternal servitude aboard the Flying Dutchman, ever-crafty Jack must track down the still-beating heart of Jones. But he won’t do it alone: Will Turner and Elizabeth Swann are drawn back into another one of his perilous quests—assuming they can evade execution for aiding a pirate.",2006-07-06,7.4,17606,42.4608,en,/uXEqmloGyP7UXAiphJUu2v2pcuE.jpg,/vr6n6ZFUZvedvIlhfYcbCWcaKyW.jpg,"[12, 14, 28]"
1010581,My Fault,"Noah must leave her city, boyfriend, and friends to move into William Leister's mansion, the flashy and wealthy husband of her mother Rafaela. As a proud and independent 17 year old, Noah resists living in a mansion surrounded by luxury. However, it is there where she meets Nick, her new stepbrother, and the clash of their strong personalities becomes evident from the very beginning.",2023-06-08,7.729,4192,42.4817,es,/w46Vw536HwNnEzOa7J24YH9DPRS.jpg,/oz4U9eA6ilYf1tyiVuGmkftdLac.jpg,"[18, 10749, 53]"
1304313,Lee Cronin's The Mummy,"The young daughter of a journalist disappears into the desert without a trace—eight years later, the broken family is shocked when she is returned to them, as what should be a joyful reunion turns into a living nightmare.",2026-04-15,7.9,2690,40.2156,en,/1q308iixueCU4pFtSYugNOevtNx.jpg,/xugEpZk9YQ0DIz1aFvH5HGkqpZK.jpg,"[27, 9648]"
12445,Harry Potter and the Deathly Hallows: Part 2,"Harry, Ron and Hermione continue their quest to vanquish the evil Voldemort once and for all. Just as things begin to look hopeless for the young wizards, Harry discovers a trio of magical objects that endow him with powers to rival Voldemort's formidable skills.",2011-07-12,8.08,22465,41.0923,en,/c54HpQmuwXjHq2C9wmoACjxoom3.jpg,/eKUk4oN4ucwnLJml7wRnjuB9AQH.jpg,"[12, 14]"
8587,The Lion King,"Young lion prince Simba, eager to one day become king of the Pride Lands, grows up under the watchful eye of his father Mufasa; all the while his villainous uncle Scar conspires to take the throne for himself. Amid betrayal and tragedy, Simba must confront his past and find his rightful place in the Circle of Life.",1994-06-15,8.25,20160,40.0435,en,/sKCr78MXSLixwmZ8DyJLrpMsd15.jpg,/bqFxtuGNsz30HTk5mzgGs8m9Po.jpg,"[16, 10751, 18]"
1441228,Irumudi,An alcoholic with a violent past—living peacefully with his daughter beside a waterfall—decides to take Ayyappa Deeksha (a 41-day spiritual vow and period of intense austerity) at her request.,2026-08-20,6.6,22,48.7545,te,/sPePQmJRKkB14sGjB7zBkLJkaTW.jpg,/578jrGVEN4a5rxJGtkt9sMI2w6c.jpg,"[18, 10751, 28]"
862,Toy Story,"Led by Woody, Andy's toys live happily in his room until Andy's birthday brings Buzz Lightyear onto the scene. Afraid of losing his place in Andy's heart, Woody plots against Buzz. But when circumstances separate Buzz and Woody from their owner, the duo eventually learns to put aside their differences.",1995-11-22,7.989,20549,40.8729,en,/uXDfjJbdP4ijW5hWSBrPrlKpxab.jpg,/3Rfvhy1Nl6sSGJwyjb0QiZzZYlB.jpg,"[10751, 35, 16, 12]"
129,Spirited Away,"A young girl, Chihiro, becomes trapped in a strange new world of spirits. When her parents undergo a mysterious transformation, she must call upon the courage she never knew she had to free her family.",2001-07-20,8.535,18927,39.4761,ja,/39wmItIWsg5sZMyRUHLkWBcuVCM.jpg,/6oaL4DP75yABrd5EbC4H2zq5ghc.jpg,"[16, 10751, 14]"
177572,Big Hero 6,"A special bond develops between plus-sized inflatable robot Baymax, and prodigy Hiro Hamada, who team up with a group of friends to form a band of high-tech heroes.",2014-10-24,7.725,16925,40.1729,en,/2mxS4wUimwlLmI1xp6QW6NSU361.jpg,/4s2d3xdyqotiVNHTlTlJjrr3q0H.jpg,"[12, 10751, 16, 28, 35]"
1465063,Forgotten Island,"While celebrating their last night together, high school graduates and best friends Jo and Raissa stumble upon a mysterious portal that transports them to the fantastical island of Nakali. When they discover that the memories of their entire friendship are the price for returning home, Jo and Raissa must race to find a way to leave the island before they forget each other forever.",2026-09-10,7.6,12,44.6583,en,/myd1K3gefdNAWFsGNRDdMeiK9Qg.jpg,/2o9FzuBzCqrDTdlHRuEVnGD2d5h.jpg,"[16, 12, 14, 35, 10751]"
931285,Mortal Kombat II,"The fan favorite champions—now joined by Johnny Cage himself—are pitted against one another in the ultimate, no-holds barred, gory battle to defeat the dark rule of Shao Kahn that threatens the very existence of the Earthrealm and its defenders.",2026-05-06,7.81,2602,40.9141,en,/hwRdDFIhaEmpRgoki805YvyyjZf.jpg,/4EAAwpylq313qrDqpCxulUrXBNF.jpg,"[28, 14, 12]"
1241982,Moana 2,"After receiving an unexpected call from her wayfinding ancestors, Moana journeys alongside Maui and a new crew to the far seas of Oceania and into dangerous, long-lost waters for an adventure unlike anything she's ever faced.",2024-11-21,6.992,3292,40.7051,en,/aLVkiINlIeCkcZIzb7XHzPYgO6L.jpg,/vYqt6kb4lcF8wwqsMMaULkP9OEn.jpg,"[12, 16, 35, 10751, 14]"
198663,The Maze Runner,"A teenager with no memory of his past finds himself among a group of boys living in a walled enclosure surrounded by a massive, ever-changing maze. As he struggles to adapt to their rules and society, he begins to uncover clues that may lead to escape and the truth behind their confinement.",2014-09-10,7.19,18479,39.8022,en,/ode14q7WtDugFDp78fo9lCsmay9.jpg,/eTlcNXGv32zkVI7ZDHhfeaKHXKQ.jpg,"[28, 9648, 878, 53]"
674,Harry Potter and the Goblet of Fire,"When his name emerges from the Goblet of Fire, Harry Potter becomes a competitor in a grueling battle for glory among three wizarding schools. Signs of Voldemort's return emerge as Harry's friends help him prepare for the Triwizard Tournament.",2005-11-16,7.802,22653,41.5194,en,/fECBtHlr0RB3foNHDiCBXeg9Bv9.jpg,/cClWTo3ftVXvV1sF8vlLuWfnlph.jpg,"[12, 14]"
585,"Monsters, Inc.","Lovable Sulley and his wisecracking sidekick Mike Wazowski are the top scare team at Monsters, Inc., the scream-processing factory in Monstropolis. When a little girl named Boo wanders into their world, it's the monsters who are scared silly, and it's up to Sulley and Mike to keep her out of sight and get her back home.",2001-11-01,7.857,20275,39.3371,en,/wFSpyMsp7H0ttERbxY7Trlv8xry.jpg,/sDTnMOJ3H5wI38OxObmCtK7wfd5.jpg,"[16, 35, 10751, 14]"
26827,Who's That Girl,An uptight New York City tax lawyer gets his life turned upside down one day when he's asked to escort a feisty free-spirited ex-convict who asks him to help prove her innocence of her crime.,1987-08-07,5.531,262,58.283,en,/2Yu6ciKKgSWIZAzUg4IrrifO23z.jpg,/nPLS4lsCl34nIIMb1MBYtHsd5hY.jpg,"[35, 10749]"
4935,Howl's Moving Castle,"Sophie, a young milliner, is turned into an elderly woman by a witch who enters her shop and curses her. She encounters a wizard named Howl and gets caught up in his resistance to fighting for the king.",2004-09-09,8.387,11461,44.5965,ja,/13kOl2v0nD2OLbVSHnHk8GUFEhO.jpg,/nv5wwZou159v5OC61i4ElR7OqyY.jpg,"[14, 16, 12]"
68718,Django Unchained,"With the help of a German bounty hunter, a freed slave sets out to rescue his wife from a brutal Mississippi plantation owner.",2012-12-25,8.192,28629,39.8097,en,/7oWY8VDWW7thTzWh3OKYRkWUlD5.jpg,/2oZklIzUbvZXXzIFzv7Hi68d6xf.jpg,"[18, 37]"
240,The Godfather Part II,"In the continuing saga of the Corleone crime family, a young Vito Corleone grows up in Sicily and in 1910s New York. In the 1950s, Michael Corleone attempts to expand the family business into Las Vegas, Hollywood and Cuba.",1974-12-20,8.6,14353,39.6686,en,/8a1lJs7mFyGhGhZZDT1azJUoQiZ.jpg,/kGzFbGhp99zva6oZODW5atUtnqi.jpg,"[18, 80]"
105,Back to the Future,"Eighties teenager Marty McFly is accidentally sent back in time to 1955, inadvertently disrupting his parents' first meeting and attracting his mother's romantic interest. Marty must repair the damage to history by rekindling his parents' romance and - with the help of his eccentric inventor friend Doc Brown - return to 1985.",1985-07-03,8.33,22427,40.066,en,/vN5B5WgYscRGcQpVhHl6p9DDTP0.jpg,/5bzPWQ2dFUl2aZKkp7ILJVVkRed.jpg,"[12, 35, 878]"
121,The Lord of the Rings: The Two Towers,"Frodo Baggins and the other members of the Fellowship continue on their sacred quest to destroy the One Ring--but on separate paths. Their destinies lie at two towers--Orthanc Tower in Isengard, where the corrupt wizard Saruman awaits, and Sauron's fortress at Barad-dur, deep within the dark lands of Mordor.",2002-12-18,8.429,24606,41.1305,en,/5VTN0pR8gcqV3EPUHHfMGnJYN9L.jpg,/6G73mNyooWAEQTpckPSnFxFoNmc.jpg,"[12, 14, 28]"
1726,Iron Man,"After being held captive in an Afghan cave, billionaire engineer Tony Stark creates a unique weaponized suit of armor to fight evil.",2008-04-30,7.666,28850,38.7515,en,/78lPtwv72eTNqFW9COBYI0dWDJa.jpg,/cKvDv2LpwVEqbdXWoQl4XgGN6le.jpg,"[28, 878, 12]"
99861,Avengers: Age of Ultron,"When Tony Stark tries to jumpstart a dormant peacekeeping program, things go awry and Earth’s Mightiest Heroes are put to the ultimate test as the fate of the planet hangs in the balance. As the villainous Ultron emerges, it is up to The Avengers to stop him from enacting his terrible plans, and soon uneasy alliances and unexpected action pave the way for an epic and unique global adventure.",2015-04-22,7.278,25056,39.8458,en,/4ssDuvEDkSArWEdyBl2X5EHvYKU.jpg,/kIBK5SKwgqIIuRKhhWrJn3XkbPq.jpg,"[28, 12, 878]"
502356,The Super Mario Bros. Movie,"While working underground to fix a water main, Brooklyn plumbers—and brothers—Mario and Luigi are transported down a mysterious pipe and wander into a magical new world. But when the brothers are separated, Mario embarks on an epic quest to find Luigi.",2023-04-05,7.592,11149,41.6144,en,/qNBAXBIQlnOThrVvA6mA2B5ggV6.jpg,/9n2tJBplPbgR2ca05hS5CKXwP2c.jpg,"[10751, 35, 12, 14, 16]"
12,Finding Nemo,"Nemo, an adventurous young clownfish, is unexpectedly taken from his Great Barrier Reef home to a dentist's office aquarium. It's up to his worrisome father Marlin and a friendly but forgetful fish Dory to bring Nemo home -- meeting vegetarian sharks, surfer dude turtles, hypnotic jellyfish, hungry seagulls, and more along the way.",2003-05-30,7.821,20998,40.0709,en,/eHuGQ10FUzK1mdOY69wF5pGgEf5.jpg,/eCynaAOgYYiw5yN5lBwz3IxqvaW.jpg,"[16, 10751, 12]"
14836,Coraline,"Wandering her rambling old house in her boring new town, 11-year-old Coraline discovers a hidden door to a strangely idealized version of her life. In order to stay in the fantasy, she must make a frighteningly real sacrifice.",2009-02-05,7.94,9454,38.7209,en,/4jeFXQYytChdZYE9JYO7Un87IlW.jpg,/hofnlIyF6bePkgQOpcuRWLvzf15.jpg,"[16, 10751, 14, 27]"
1032863,The Love Hypothesis,"Olive Smith, a biology PhD candidate, and Dr. Adam Carlsen, a hotshot professor and well-known tyrant, enter into a fake relationship, seeing each of their carefully calculated theories on love get thrown into chaos.",2026-09-23,9.4,7,42.8824,en,/vfZxVHextAGC70zrNhS8lsROqP1.jpg,/fuOMc0cr1ZW5chnXoAOm5hyM8cb.jpg,"[10749, 35]"
1723013,Hibla 2,"Two VMX queens, Aliya Raymundo and Margaret Diaz, play reunited childhood friends who share a memorable past and a complicated present: one is a liberated city girl, the other a sheltered country virgin, and both are surrounded by men eager to get a taste of their youth.",2026-06-30,3.0,1,44.9597,tl,/drDsk2ES8YvWFwgWaY9foKaE5xv.jpg,/oZJQZQ8BHgeq5YHcAbshMlmJvWX.jpg,[18]
122917,The Hobbit: The Battle of the Five Armies,"Following Smaug's attack on Laketown, Bilbo and the dwarves try to defend Erebor's mountain of treasure from others who claim it: the men of the ruined Laketown and the elves of Mirkwood. Meanwhile an army of Orcs led by Azog the Defiler is marching on Erebor, fueled by the rise of the dark lord Sauron. Dwarves, elves and men must unite, and the hope for Middle-Earth falls into Bilbo's hands.",2014-12-10,7.338,15774,39.0979,en,/xT98tLqatZPQApyRmlPL12LtiWp.jpg,/3UbaCMmqOd7mca4Y5DOzY2ZVTyX.jpg,"[28, 12, 14]"
803796,KPop Demon Hunters,"When K-pop superstars Rumi, Mira and Zoey aren't selling out stadiums, they're using their secret powers to protect their fans from supernatural threats.",2025-06-20,7.997,3219,40.5536,en,/zT7Lhw3BhJbMkRqm9Zlx2YGMsY0.jpg,/w3Bi0wygeFQctn6AqFTwhGNXRwL.jpg,"[14, 10402, 35, 16]"
377670,Chapo: El Escape Del Siglo,A famous drug kingpin escapes from prison. The mexican president wants him back in jail whereas the U.S. government wants him dead.,2016-01-15,5.5,31,41.8151,es,/khAED7ox0Dfk4Ef5LAf6jPEe4oy.jpg,/ngtFY7re3sKxb1sShP0vYC6SSCp.jpg,"[53, 28, 12, 80]"
617126,The Fantastic 4: First Steps,"Against the vibrant backdrop of a 1960s-inspired, retro-futuristic world, Marvel's First Family is forced to balance their roles as heroes with the strength of their family bond, while defending Earth from a ravenous space god called Galactus and his enigmatic Herald, Silver Surfer.",2025-07-23,6.943,3892,38.4968,en,/nf5qaSEvyYSNeFH0YhSs5EsBLX9.jpg,/s94NjfKkcSczZ1FembwmQZwsuwY.jpg,"[878, 12, 28]"
950387,A Minecraft Movie,"Four misfits find themselves struggling with ordinary problems when they are suddenly pulled through a mysterious portal into the Overworld: a bizarre, cubic wonderland that thrives on imagination. To get back home, they'll have to master this world while embarking on a magical quest with an unexpected, expert crafter, Steve.",2025-03-31,6.218,3296,39.9462,en,/yFHHfHcUgGAxziP1C3lLt0q2T4s.jpg,/2Nti3gYAX513wvhp8IiLL6ZDyOm.jpg,"[10751, 14, 35, 12]"
1078605,Weapons,"When all but one child from the same class mysteriously vanish on the same night at exactly the same time, a community is left questioning who or what is behind their disappearance.",2025-08-04,7.261,3964,38.3341,en,/cpf7vsRZ0MYRQcnLWteD5jK9ymT.jpg,/8VyTWJrNEyV2MTWvniDVp0MpOAe.jpg,"[27, 9648]"
1329016,Tony,"A 19-year-old Anthony Bourdain travels to Provincetown and stumbles into the chaotic world of a restaurant kitchen, setting off a summer that will shape the course of his life.",2026-08-07,7.6,95,42.1035,en,/uwZF5guNR5EnXkjIVTk4UPTVGiS.jpg,/uQvz6NdyhoWE6dMurFn0BriLIv9.jpg,"[18, 35]"
808,Shrek,"It ain't easy bein' green -- especially if you're a likable (albeit smelly) ogre named Shrek. On a mission to retrieve a gorgeous princess from the clutches of a fire-breathing dragon, Shrek teams up with an unlikely compatriot -- a wisecracking donkey.",2001-05-18,7.78,19332,37.365,en,/iB64vpL3dIObOtMZgX3RqdVdQDc.jpg,/w0eKUOEog2ImtktCHAMUZws8qif.jpg,"[16, 35, 14, 12, 10751]"
912649,Venom: The Last Dance,"Eddie and Venom are on the run. Hunted by both of their worlds and with the net closing in, the duo are forced into a devastating decision that will bring the curtains down on Venom and Eddie's last dance.",2024-10-22,6.672,4538,37.5678,en,/vGXptEdgZIhPg3cGlc7e8sNPC2e.jpg,/3V4kLQg0kSqPLctI5ziYWabAZYF.jpg,"[878, 28, 12]"
447273,Snow White,"Following the benevolent King's disappearance, the Evil Queen dominated the once fair land with a cruel streak. Princess Snow White flees the castle when the Queen, in her jealousy over Snow White's inner beauty, tries to kill her. Deep into the dark woods, she stumbles upon seven magical dwarves and a young bandit named Jonathan. Together, they strive to survive the Queen's relentless pursuit and aspire to take back the kingdom.",2025-03-19,4.259,1742,37.3403,en,/oLxWocqheC8XbXbxqJ3x422j9PW.jpg,/tyfO9jHgkhypUFizRVYD0bytPjP.jpg,"[10751, 14]"
1297842,GOAT,"A small goat with big dreams gets a once-in-a-lifetime shot to join the pros and play roarball, a high-intensity, co-ed, full-contact sport dominated by the fastest, fiercest animals in the world.",2026-02-11,8.057,1093,39.487,en,/wfuqMlaExcoYiUEvKfVpUTt1v4u.jpg,/tq3h43fZy0H80vzf47MAY7R9Mxo.jpg,"[16, 35, 10751]"
497,The Green Mile,"A supernatural tale set on death row in a Southern prison, where gentle giant John Coffey possesses the mysterious power to heal people's ailments. When the cell block's head guard, Paul Edgecomb, recognizes Coffey's miraculous gift, he tries desperately to help stave off the condemned man's execution.",1999-12-10,8.506,19838,41.7285,en,/8VG8fDNiy50H4FedGwdSVUPoaJe.jpg,/amZavErrjrdgDwhsIdpWxHNenIx.jpg,"[14, 18, 80]"
675871,Super Troopers 3,"When Farva’s wildly over-the-top Indian engagement to Thorny’s sister spirals into chaos, the Super Troopers must navigate Thorny’s schemes to break up the relationship, while trying to crack a pernicious new drug ring  — all to save the day and maybe the wedding itself.",2026-08-06,6.9,23,41.8856,en,/iZK7dZXAZEqAt5TYionYretrgWg.jpg,/mqO2Q8BeCuESJUVZgwyWRDa9Ux9.jpg,"[35, 80, 9648]"
1122573,In the Grey,"A covert team of elite operatives are living in the shadows. When a ruthless despot steals a billion-dollar fortune, they're sent to take it back—an impossible heist that erupts into a deadly game of strategy, deception and survival.",2026-05-13,7.6,1007,41.8381,en,/dQgIcW6Th08kMRf2HBoYWoFE6OD.jpg,/qcIKxhqGMIj8uujsSoSMZWr8QqU.jpg,"[28, 53]"
1433367,One Night Only,Two love-starved strangers crash into each other on the one night of the year when single people are allowed to have sex.,2026-08-06,6.5,146,41.2443,en,/f1v8IcYcQggeq1N0unoMJMrzTd9.jpg,/mfgNUnFB25BNIwe9iPJ17cUN64S.jpg,"[10749, 35]"
22,Pirates of the Caribbean: The Curse of the Black Pearl,"When wily pirate Captain Barbossa seizes Jack Sparrow’s beloved ship, the Black Pearl, and kidnaps the governor’s daughter, Elizabeth Swann, blacksmith Will Turner reluctantly teams up with the unpredictable pirate Jack to rescue her—only to uncover a terrifying curse that turns Barbossa’s crew into the undead.",2003-07-09,7.834,22792,37.3683,en,/poHwCZeWzJCShH7tOjg8RIoyjcw.jpg,/uRNgkJSkNBFbbn9fPsEjDIy8Sh3.jpg,"[12, 14, 28]"
1022789,Inside Out 2,"Teenager Riley's mind headquarters is undergoing a sudden demolition to make room for something entirely unexpected: new Emotions! Joy, Sadness, Anger, Fear and Disgust, who’ve long been running a successful operation by all accounts, aren’t sure how to feel when Anxiety shows up. And it looks like she’s not alone.",2024-06-11,7.539,6993,37.6346,en,/vpnVM9B6NMmQpWeZvzLvDESb2QY.jpg,/p5ozvmdgsmbWe0H8Xk7Rc8SCwAB.jpg,"[16, 12, 35, 10751]"
1727780,Borderline,"Convinced they are our secret saviors, rogue U.S. operatives abduct Mexican gang members and seed them across major American cities, unleashing criminal chaos, swaying voters by playing on nativist prejudices, and forcing law enforcement into a race to expose the plot as the escalating carnage threatens democracy itself.",2026-07-17,6.0,16,38.2981,en,/sAA2mjpYJFAKydtzG4P4aHC4mZk.jpg,/wPSOPYy2fV62GjeXpVdKyweZGZu.jpg,[53]
1171145,Crime 101,"When an elusive thief whose high-stakes heists unfold along the iconic 101 freeway in Los Angeles eyes the score of a lifetime, with hopes of this being his final job, his path collides with a disillusioned insurance broker who is facing her own crossroads. Determined to crack the case, a relentless detective closes in on the operation, raising the stakes even higher.",2026-02-11,7.0,1371,37.3503,en,/tVvpFIoteRHNnoZMhdnwIVwJpCA.jpg,/kKF4gEiBDArhONlCcunHVgBp3bA.jpg,"[80, 53]"
138843,The Conjuring,"Paranormal investigators Ed and Lorraine Warren work to help a family terrorized by a dark presence in their farmhouse. Forced to confront a powerful entity, the Warrens find themselves caught in the most terrifying case of their lives.",2013-07-18,7.542,13079,38.7524,en,/wVYREutTvI2tmxr6ujrHT704wGF.jpg,/ecKQlAEG95k62SMGhvX83oEqANK.jpg,"[27, 53]"
933260,The Substance,"A fading celebrity decides to use a black market drug, a cell-replicating substance that temporarily creates a younger, better version of herself.",2024-09-07,7.134,6487,36.8307,en,/lqoMzCcZYEFK729d6qzt349fB4o.jpg,/wMEhptvj6pcp2QSzHYcl4DFA5Pz.jpg,"[27, 878]"
49013,Cars 2,Star race car Lightning McQueen and his pal Mater head overseas to compete in the World Grand Prix race. But the road to the championship becomes rocky as Mater gets caught up in an intriguing adventure of his own: international espionage.,2011-06-11,6.192,8705,36.7276,en,/okIz1HyxeVOMzYwwHUjH2pHi74I.jpg,/robYRZk9LxJTwD7GlZCginji5k.jpg,"[16, 10751, 12, 35]"
228150,Fury,"April, 1945. As the Allies make their final push in the European Theater, a battle-hardened army sergeant commands a Sherman tank with a five-man crew on a deadly mission behind enemy lines.",2014-10-15,7.545,13246,37.0748,en,/pfte7wdMobMF4CVHuOxyu6oqeeA.jpg,/95ckrV6wQgbffurAVmETQ5YKASL.jpg,"[10752, 18, 28]"
475557,Joker,"During the 1980s, a failed stand-up comedian is driven insane and turns to a life of crime and chaos in Gotham City while becoming an infamous psychopathic crime figure.",2019-10-01,8.116,28350,36.566,en,/udDclJoHjfjb8Ekgsd4FDteOkCU.jpg,/rlay2M5QYvi6igbGcFjq8jxeusY.jpg,"[80, 53, 18]"
767,Harry Potter and the Half-Blood Prince,Dumbledore tries to prepare Harry for the final battle with Voldemort while Death Eaters wreak havoc in both Muggle and Wizard worlds.,2009-07-15,7.682,21207,38.2834,en,/z7uo9zmQdQwU5ZJHFpv2Upl30i1.jpg,/mITJS77BV4TSqdFB5FPGBc7JKXj.jpg,"[12, 14]"
466272,Once Upon a Time... in Hollywood,"Los Angeles, 1969. TV star Rick Dalton, a struggling actor specializing in westerns, and stuntman Cliff Booth, his best friend, try to survive in a constantly changing movie industry. Dalton is the neighbor of the young and promising actress and model Sharon Tate, who has just married the prestigious Polish director Roman Polanski…",2019-07-24,7.42,15269,38.7774,en,/8j58iEBw9pOXFD2L0nt0ZXeHviB.jpg,/kKTPv9LKKs5L3oO1y5FNObxAPWI.jpg,"[35, 18, 53]"
131631,The Hunger Games: Mockingjay - Part 1,"After surviving the Quarter Quell, Katniss finds herself in the hidden stronghold of District 13, where the rebellion against the Capitol is gaining momentum. Struggling with the weight of becoming the symbol of resistance, she must navigate fragile alliances while trying to protect those she loves. As propaganda battles rage and Panem moves closer to full-scale war, Katniss is forced to confront the true cost of revolution.",2014-11-19,6.8,17017,40.0056,en,/4FAA18ZIja70d1Tu5hr5cj2q1sB.jpg,/lV1P1Q5gLDXVG1ZYCxZHStkcQC3.jpg,"[878, 12, 53]"
1087192,How to Train Your Dragon,"On the rugged isle of Berk, where Vikings and dragons have been bitter enemies for generations, Hiccup stands apart, defying centuries of tradition when he befriends Toothless, a feared Night Fury dragon. Their unlikely bond reveals the true nature of dragons, challenging the very foundations of Viking society.",2025-06-06,7.933,3130,37.2867,en,/53dsJ3oEnBhTBVMigWJ9tkA5bzJ.jpg,/8J6UlIFcU7eZfq9iCLbgc8Auklg.jpg,"[14, 10751, 28, 12]"
807,Se7en,"Two homicide detectives are on a desperate hunt for a serial killer whose crimes are based on the ""seven deadly sins"" in this dark and haunting film that takes viewers from the tortured remains of one victim to the next. The seasoned Det. Somerset researches each sin in an effort to get inside the killer's mind, while his novice partner, Mills, scoffs at his efforts to unravel the case.",1995-09-22,8.4,23824,37.5053,en,/191nKfP0ehp3uIvWqgPbFmI4lv9.jpg,/i5H7zusQGsysGQ8i6P361Vnr0n2.jpg,"[80, 9648, 53]"
10588,The Cat in the Hat,"During a rainy day, and while their mother is out, Conrad and Sally, and their pet fish, are visited by the mischievous Cat in the Hat. Fun soon turns to mayhem, and the siblings must figure out how to rid themselves of the maniacal Cat.",2003-11-21,5.369,1887,39.001,en,/uYYLz67e5xEQMsY858VSSCDsLU6.jpg,/ihOd5W6qOgrBSLj0uDTnGs8k1aa.jpg,"[14, 12, 10751, 35]"
11,Star Wars,Princess Leia is captured and held hostage by the evil Imperial forces in their effort to take over the galactic Empire. Venturesome Luke Skywalker and dashing captain Han Solo team together with the loveable robot duo R2-D2 and C-3PO to rescue the beautiful princess and restore peace and justice in the Empire.,1977-05-25,8.207,22895,36.027,en,/fai0rspsNeJCS69wHNjOdWxcI7P.jpg,/zqkmTXzjkAgXmEWLRsY4UpTWCeo.jpg,"[12, 28, 878]"
161,Ocean's Eleven,"Less than 24 hours into his parole, charismatic thief Danny Ocean is already rolling out his next plan: In one night, Danny's hand-picked crew of specialists will attempt to steal more than $150 million from three Las Vegas casinos. But to score the cash, Danny risks his chances of reconciling with ex-wife, Tess.",2001-12-07,7.466,12908,38.9853,en,/hQQCdZrsHtZyR6NbKH2YyCqd2fR.jpg,/ncoqdHs1poUaBqyKic9YI8ai7MP.jpg,"[53, 80]"
559,Spider-Man 3,"The seemingly invincible Spider-Man goes up against an all-new crop of villains—including the shape-shifting Sandman. While Spider-Man’s superpowers are altered by an alien organism, his alter ego, Peter Parker, deals with nemesis Eddie Brock and also gets caught up in a love triangle.",2007-05-01,6.484,15793,36.301,en,/qFmwhVUoUSXjkKRmca5yGDEXBIj.jpg,/FfAU0PUs8AJkMU2VbkVNFtRXR4.jpg,"[28, 12, 878]"
210577,Gone Girl,"With his wife's disappearance having become the focus of an intense media circus, a man sees the spotlight turned on him when it's suspected that he may not be innocent.",2014-10-01,7.889,20432,34.3154,en,/ts996lKsxvjkO2yiYG0ht4qAicO.jpg,/iWak7wT0j6ycCc8lKr4NBz9c7n5.jpg,"[9648, 53, 18]"
385687,Fast X,"Over many missions and against impossible odds, Dom Toretto and his family have outsmarted, out-nerved and outdriven every foe in their path. Now, they confront the most lethal opponent they've ever faced: A terrifying threat emerging from the shadows of the past who's fueled by blood revenge, and who is determined to shatter this family and destroy everything—and everyone—that Dom loves, forever.",2023-05-17,6.981,6497,38.8521,en,/fiVW06jE7z9YnO4trhaMEdclSiC.jpg,/4XM8DUTQb3lhLemJC51Jx4a2EuA.jpg,"[28, 80, 53]"
575265,Mission: Impossible - The Final Reckoning,"Ethan Hunt and team continue their search for the terrifying AI known as the Entity — which has infiltrated intelligence networks all over the globe — with the world's governments and a mysterious ghost from Hunt's past on their trail. Joined by new allies and armed with the means to shut the Entity down for good, Hunt is in a race against time to prevent the world as we know it from changing forever.",2025-05-17,7.174,3166,39.7301,en,/iKPsC9EFUafRP9SrUznI61getVP.jpg,/538U9snNc2fpnOmYXAPUh3zn31H.jpg,"[28, 53, 12]"
1168190,The Wrecking Crew,"Estranged half-brothers Jonny and James reunite after their father's mysterious death. As they search for the truth, buried secrets reveal a conspiracy threatening to tear their family apart.",2026-01-28,7.098,1277,36.8402,en,/gbVwHl4YPSq6BcC92TQpe7qUTh6.jpg,/cz4vLJrmaV1zJlRYbxqtvLzeLWB.jpg,"[28, 35, 80, 9648]"
12444,Harry Potter and the Deathly Hallows: Part 1,"Harry, Ron and Hermione walk away from their last year at Hogwarts to find and destroy the remaining Horcruxes, putting an end to Voldemort's bid for immortality. But with Harry's beloved Dumbledore dead and Voldemort's unscrupulous Death Eaters on the loose, the world is more dangerous than ever.",2010-11-17,7.732,20813,36.7749,en,/iGoXIpQb7Pot00EEdwpwPajheZ5.jpg,/5i2QAYnbN5vOZUUolLPYHTb9spe.jpg,"[12, 14]"
603692,John Wick: Chapter 4,"With the price on his head ever increasing, John Wick uncovers a path to defeating The High Table. But before he can earn his freedom, Wick must face off against a new enemy with powerful alliances across the globe and forces that turn old friends into foes.",2023-03-21,7.7,8314,35.62,en,/vZloFAK7NmvMGKE7VkF5UHaz0I.jpg,/7I6VUdPj6tQECNHdviJkUHD2u89.jpg,"[28, 53, 80]"
269149,Zootopia,"Determined to prove herself, Officer Judy Hopps, the first bunny on Zootopia's police force, jumps at the chance to crack her first case - even if it means partnering with scam-artist fox Nick Wilde to solve the mystery.",2016-02-11,7.765,18540,34.7709,en,/hlK0e0wAQ3VLuJcsfIYPvb4JVud.jpg,/9tOkjBEiiGcaClgJFtwocStZvIT.jpg,"[16, 12, 10751, 35]"
798645,The Running Man,"Desperate to save his sick daughter, working-class Ben Richards is convinced by The Running Man's charming but ruthless producer to enter the deadly competition game as a last resort. But Ben's defiance, instincts, and grit turn him into an unexpected fan favorite — and a threat to the entire system. As ratings skyrocket, so does the danger, and Ben must outwit not just the Hunters, but a nation addicted to watching him fall.",2025-11-11,6.7,1986,34.4975,en,/dKL78O9zxczVgjtNcQ9UkbYLzqX.jpg,/aHj7d7wSLqrg5cjAcgHhiGr97Ih.jpg,"[28, 53, 878]"
496243,Parasite,"All unemployed, Ki-taek's family takes peculiar interest in the wealthy and glamorous Parks for their livelihood until they get entangled in an unexpected incident.",2019-05-30,8.5,21346,37.0539,ko,/7IiTTgloJzvGI1TAYymCfbfl3vT.jpg,/hiKmpZMGZsrkA3cdce8a7Dpos1j.jpg,"[35, 53, 18]"
1930,The Amazing Spider-Man,A teenage Peter Parker grapples with both high school and amazing super-human crises as his alter-ego Spider-Man.,2012-06-23,6.762,19127,35.8773,en,/jexoNYnPd6vVrmygwF6QZmWPFdu.jpg,/HVcza6tJtWFrLriuh3Ano4Vt46.jpg,"[28, 12, 878]"
73723,The Lorax,"A 12-year-old boy searches for the one thing that will enable him to win the affection of the girl of his dreams. To find it he must discover the story of the Lorax, the grumpy yet charming creature who fights to protect his world.",2012-03-01,6.538,3986,39.7063,en,/tePFnZFw5JvjwjQjaKkqDPNMLPU.jpg,/71FjlP0qZPc1iymcHf8u5vXfH50.jpg,"[16, 10751]"
156022,The Equalizer,"McCall believes he has put his mysterious past behind him and dedicated himself to beginning a new, quiet life. But when he meets Teri, a young girl under the control of ultra-violent Russian gangsters, he can’t stand idly by – he has to help her. Armed with hidden skills that allow him to serve vengeance against anyone who would brutalize the helpless, McCall comes out of his self-imposed retirement and finds his desire for justice reawakened. If someone has a problem, if the odds are stacked against them, if they have nowhere else to turn, McCall will help. He is The Equalizer.",2014-09-24,7.293,10208,35.8869,en,/9u4yW7yPA0BQ2pv9XwiNzItwvp8.jpg,/9vAoubhoZE8aSkUZoSfxs3UWZhO.jpg,"[53, 28, 80]"
9806,The Incredibles,"Bob Parr has given up his superhero days to log in time as an insurance adjuster and raise his three children with his formerly heroic wife in suburbia. But when he receives a mysterious assignment, it's time to get back into costume.",2004-10-27,7.7,19319,33.4105,en,/2LqaLgk4Z226KkgPJuiOQ58wvrm.jpg,/lxwzY9vNwjDgxWKt3zZ6zcU6rEJ.jpg,"[28, 12, 16, 10751]"
350,The Devil Wears Prada,"A young woman from the Midwest gets more than she bargained for when she moves to New York to become a writer and ends up as the assistant to the tyrannical, larger-than-life editor-in-chief of a major fashion magazine.",2006-06-29,7.4,14248,35.4866,en,/8912AsVuS7Sj915apArUFbv6F9L.jpg,/gkh6Nt8DtY1XT4gQsyFq9XAVJlJ.jpg,"[18, 35]"
1233413,Sinners,"Trying to leave their troubled lives behind, twin brothers return to their hometown to start again, only to discover that an even greater evil is waiting to welcome them back.",2025-04-16,7.51,5200,35.0235,en,/fWPgbnt2LSqkQ6cdQc0SZN9CpLm.jpg,/nAxGnGHOsfzufThz20zgmRwKur3.jpg,"[27, 28, 53]"
271110,Captain America: Civil War,"Following the events of Age of Ultron, the collective governments of the world pass an act designed to regulate all superhuman activity. This polarizes opinion amongst the Avengers, causing two factions to side with Iron Man or Captain America, which causes an epic battle between former allies.",2016-04-27,7.455,24596,36.8378,en,/rAGiXaUfPzY7CDEyNKUofk3Kw2e.jpg,/7FWlcZq3r6525LWOcvO9kNWurN1.jpg,"[12, 28, 878]"
242,The Godfather Part III,"In the midst of trying to legitimize his business dealings in 1979 New York and Italy, aging mafia don, Michael Corleone seeks forgiveness for his sins while taking a young protege under his wing.",1990-12-25,7.416,7062,39.4557,en,/lm3pQ2QoQ16pextRsmnUbG2onES.jpg,/zNnjHLDtV8Ti3aworltaeaLMov4.jpg,"[80, 18, 53]"
840464,Greenland 2: Migration,"Having found the safety of the Greenland bunker after the comet Clarke decimated the Earth, the Garrity family must now risk everything to embark on a perilous journey across the wasteland of Europe to find a new home.",2026-01-07,6.381,1557,35.8927,en,/z2tqCJLsw6uEJ8nJV8BsQXGa3dr.jpg,/cLFbDVfhllIMybpo2fkGNzehiQG.jpg,"[12, 53, 878]"
389,12 Angry Men,"The defense and the prosecution have rested and the jury is filing into the jury room to decide if a young Spanish-American is guilty or innocent of murdering his father. What begins as an open and shut case soon becomes a mini-drama of each of the jurors' prejudices and preconceptions about the trial, the accused, and each other.",1957-04-10,8.6,10390,36.3222,en,/zhG3vKWyDRaZYoaww1UVAi29T9h.jpg,/qqHQsStV6exghCM7zbObuYBiYxw.jpg,[18]
280,Terminator 2: Judgment Day,"Ten years after the events of the original, a reprogrammed T-800 is sent back in time to protect young John Connor from the shape-shifting T-1000. Together with his mother Sarah, he fights to stop Skynet from triggering a nuclear apocalypse.",1991-07-03,8.2,14880,36.0362,en,/jFTVD4XoWQTcg7wdyJKa8PEds5q.jpg,/izkMjmhauFx9DjoBQqM5sM5WAwE.jpg,"[28, 53, 878]"
986056,Thunderbolts*,"After finding themselves ensnared in a death trap, seven disillusioned castoffs must embark on a dangerous mission that will force them to confront the darkest corners of their pasts.",2025-04-30,7.296,4071,34.3957,en,/hqcexYHbiTBfDIdDWxrxPtVndBX.jpg,/rthMuZfFv4fqEU4JVbgSW9wQ8rs.jpg,"[28, 878, 12]"
429617,Spider-Man: Far From Home,"Peter Parker and his friends go on a summer trip to Europe. However, they will hardly be able to rest - Peter will have to agree to help Nick Fury uncover the mystery of creatures that cause natural disasters and destruction throughout the continent.",2019-06-28,7.392,17632,35.4804,en,/4q2NNj4S5dG2RLF9CpXsej7yXl.jpg,/vamhMTvh9m9zFHDoR0v1nRtf6T4.jpg,"[28, 12, 878]"
10193,Toy Story 3,"Woody, Buzz, and the rest of Andy's toys haven't been played with in years. With Andy about to go to college, the gang find themselves accidentally left at a nefarious day care center. The toys must band together to escape and return home to Andy.",2010-06-16,7.817,16251,35.6246,en,/AbbXspMOwdvwWZgVN0nabZq03Ec.jpg,/uAfhsySkr1UzQg1zdg3dZQRz9Fd.jpg,"[16, 10751, 35]"
1100988,28 Years Later,"Twenty-eight years after the Rage virus outbreak, a heavily-defended island survives connected to the mainland by a single causeway. When one of the group leaves the island into the dark heart of the mainland, he discovers secrets, wonders, and horrors that have mutated not only the infected but other survivors as well.",2025-06-18,6.609,2973,32.982,en,/n5FygjEppOvac6yEaowi26nTyw3.jpg,/6WqqEjiycNvDLjbEClM1zCwIbDD.jpg,"[27, 53, 878]"
330457,Frozen II,"Elsa, Anna, Kristoff and Olaf head far into the forest to learn the truth about an ancient mystery of their kingdom.",2019-11-20,7.224,10478,35.0529,en,/mINJaa34MtknCYl5AjtNJzWj8cD.jpg,/AoSZyb37ljMAxw0RdeQEBHKtgcc.jpg,"[10751, 16, 12, 35, 14]"
16869,Inglourious Basterds,"In Nazi-occupied France during World War II, a group of Jewish-American soldiers known as ""The Basterds"" are chosen specifically to spread fear throughout the Third Reich by scalping and brutally killing Nazis. The Basterds, lead by Lt. Aldo Raine soon cross paths with a French-Jewish teenage girl who runs a movie theater in Paris which is targeted by the soldiers.",2009-08-02,8.217,24799,33.545,en,/aupnPtagH9JVBuMrGEanf4iqXEQ.jpg,/hwNtEmmugU5Yd7hpfprNWI0DGIn.jpg,"[18, 53, 10752]"
948,Halloween,"Fifteen years after murdering his sister on Halloween Night 1963, Michael Myers escapes from a mental hospital and returns to the small town of Haddonfield, Illinois to kill again.",1978-10-24,7.558,6369,34.7285,en,/wijlZ3HaYMvlDTPqJoTCWKFkCPU.jpg,/sHI9xlFRWCJ38AIIfOqnGjuEvXz.jpg,"[27, 53]"
315162,Puss in Boots: The Last Wish,"Puss in Boots discovers that his passion for adventure has taken its toll: He has burned through eight of his nine lives, leaving him with only one life left. Puss sets out on an epic journey to find the mythical Last Wish and restore his nine lives.",2022-12-07,8.218,9239,36.2692,en,/kuf6dutpsT0vSVehic3EZIqkOBt.jpg,/jr8tSoJGj33XLgFBy6lmZhpGQNu.jpg,"[16, 12, 14, 35, 10751]"
453395,Doctor Strange in the Multiverse of Madness,"Doctor Strange, with the help of mystical allies both old and new, traverses the mind-bending and dangerous alternate realities of the Multiverse to confront a mysterious new adversary.",2022-05-04,7.226,10863,34.4176,en,/ddJcSKbcp4rKZTmuyWaMhuwcfMz.jpg,/lv3TXqhpaIxkclIHbhN2MRMOemQ.jpg,"[14, 28, 12]"
976912,Graphic Desires,"When reclusive Franklin cheats on his partner with a mysterious girl he meets on a dating app, it becomes the start of a deadly obsession.",2023-08-31,6.922,154,36.2472,en,/3BjLdTWRiHc1ISIZMFvToOmghOM.jpg,/rHnANzYUmV3WZw3n0yWOLiR3pen.jpg,"[53, 80]"
105864,The Good Dinosaur,An epic journey into the world of dinosaurs where an Apatosaurus named Arlo makes an unlikely human friend.,2015-11-14,6.754,6161,38.3804,en,/8RSkxOO80btfKjyiC5ZiTaCHIT8.jpg,/cF3H9pyUF6dsvqlYUcH0TyBAMTG.jpg,"[12, 16, 10751]"
346698,Barbie,"Barbie and Ken are having the time of their lives in the colorful and seemingly perfect world of Barbie Land. However, when they get a chance to go to the real world, they soon discover the joys and perils of living among humans.",2023-07-19,6.9,11592,35.9469,en,/iuFNMS8U5cb6xfzi51Dbkovj7vM.jpg,/1esAE8sLJRWWFsLLeh5r3g2WanI.jpg,"[35, 12, 14]"
324786,Hacksaw Ridge,"WWII American Army Medic Desmond T. Doss, who served during the Battle of Okinawa, refuses to kill people and becomes the first Conscientious Objector in American history to receive the Congressional Medal of Honor.",2016-10-07,8.193,15321,35.0402,en,/fnOMP6mjmOmZwmlC1n0K7ivrzt1.jpg,/vDKRMZGFTKP9nQolzeSB1rB1w6p.jpg,"[18, 36, 10752]"
45722,Don't Look Down,A sexy Spanish siren named Elvira schools a young man in tantric lovemaking.,2008-10-18,5.739,71,41.9112,es,/s7igxMxtKQKHdnDxnSAJej7RTGp.jpg,/wH2RtKsUjGc3ycRvxqOSbzov0av.jpg,"[18, 10749]"
284053,Thor: Ragnarok,"Thor is imprisoned on the other side of the universe and finds himself in a race against time to get back to Asgard to stop Ragnarok, the destruction of his home-world and the end of Asgardian civilization, at the hands of a powerful new threat, the ruthless Hela.",2017-10-02,7.58,22508,34.0182,en,/rzRwTcFvttcN1ZpX2xv4j3tSdJu.jpg,/vLmHH8jAy8Jq8uBsLucd3592WGh.jpg,"[28, 878, 35, 12]"
348,Alien,"During its return to the earth, commercial spaceship Nostromo intercepts a distress signal from a distant planet. When a three-member team of the crew discovers a chamber containing thousands of eggs on the planet, a creature inside one of the eggs attacks an explorer. The entire crew is unaware of the impending nightmare set to descend upon them when the alien parasite planted inside its unfortunate host is birthed.",1979-05-25,8.173,16864,35.1336,en,/vfrQk5IPloGg1v9Rzbh2Eg3VGyM.jpg,/AmR3JG1VQVxU8TfAvljUhfSFUOx.jpg,"[27, 878]"
1242898,Predator: Badlands,"Cast out from his clan, a young Predator finds an unlikely ally in a damaged android and embarks on a treacherous journey in search of the ultimate adversary.",2025-11-05,7.837,3674,35.4469,en,/pHpq9yNUIo6aDoCXEBzjSolywgz.jpg,/82lM4GJ9uuNvNDOEpxFy77uv4Ak.jpg,"[28, 878, 12]"
466420,Killers of the Flower Moon,"When oil is discovered in 1920s Oklahoma under Osage Nation land, the Osage people are murdered one by one—until the FBI steps in to unravel the mystery.",2023-10-18,7.4,4356,35.7502,en,/dB6Krk806zeqd0YNp2ngQ9zXteH.jpg,/acvE3RWjDLgvbL2RtcyzkrsAyNV.jpg,"[80, 36, 18]"
552524,Lilo & Stitch,The wildly funny and touching story of a lonely Hawaiian girl and the fugitive alien who helps to mend her broken family.,2025-05-17,7.182,2291,35.1358,en,/ckQzKpQJO4ZQDCN5evdpKcfm7Ys.jpg,/7Zx3wDG5bBtcfk8lcnCWDOLM4Y4.jpg,"[10751, 878, 35]"
1751701,After Impact,"After losing his father, Ethan Nichols inherits one of the largest greenhouses in the country, just as the world faces a devastating threat from an approaching asteroid. As society begins to unravel, Ethan grapples with personal betrayal, overwhelming loneliness, and the growing fear that survival may come at the cost of his humanity. Seeking refuge in his family’s bunker, Ethan endures the harsh aftermath of the impact, wrestling with physical injury and emotional despair. When a faint voice crackles over his radio, Ethan discovers he's not as alone as he believed.",2026-09-15,5.1,5,112.8876,en,/yzDuAQCY2n6zzOlBkn6JzhLhY3k.jpg,/k22XyPbce7zvzzf5OnT4uaY8ZD1.jpg,"[878, 18, 53]"
106646,The Wolf of Wall Street,"A New York stockbroker refuses to cooperate in a large securities fraud case involving corruption on Wall Street, corporate banking world and mob infiltration. Based on Jordan Belfort's autobiography.",2013-12-25,8.027,26565,34.4549,en,/kW9LmvYHAaS9iA0tHmZVq8hQYoq.jpg,/7Nwnmyzrtd0FkcRyPqmdzTPppQa.jpg,"[80, 18, 35]"
244786,Whiplash,"Under the direction of a ruthless instructor, a talented young drummer begins to pursue perfection at any cost, even his humanity.",2014-10-10,8.4,17106,37.1967,en,/7fn624j5lj3xTme2SgiLCeuedmO.jpg,/fRGxZuo7jJUWQsVg9PREb98Aclp.jpg,"[18, 10402, 53]"
675,Harry Potter and the Order of the Phoenix,"When a new professor's methods leave Hogwarts unprepared to fight the rising tide of evil, Harry teaches students how to defend against the dark arts.",2007-07-08,7.672,21244,35.0967,en,/5aOyriWkPec0zUDxmHFP9qMmBaj.jpg,/9svsJni0pNROt53QBEj9JqZMuEK.jpg,"[12, 14]"
10681,WALL·E,"After hundreds of years doing what he was built for, WALL•E— a robot designed to clean up the earth—discovers a new purpose in life when he meets a sleek search robot named EVE. EVE comes to realize that WALL•E has inadvertently stumbled upon the key to the planet's future, and races back to space to report to the humans. Meanwhile, WALL•E chases EVE across the galaxy and sets into motion one of the most imaginative adventures ever brought to the big screen.",2008-06-26,8.125,20892,34.4486,en,/hbhFnRzzg6ZDmm8YAmxBnQpQIPh.jpg,/nYs4ZwnJBK4AgljhvzwNz7fpr3E.jpg,"[16, 10751, 878]"
1054867,One Battle After Another,"Washed-up revolutionary Bob exists in a state of stoned paranoia, surviving off-grid with his spirited, self-reliant daughter, Willa. When his evil nemesis resurfaces after 16 years and she goes missing, the former radical scrambles to find her, father and daughter both battling the consequences of his past.",2025-09-23,7.336,4282,33.7935,en,/lbBWwxBht4JFP5PsuJ5onpMqugW.jpg,/zpEWFNqoN8Qg1SzMMHmaGyOBTdW.jpg,"[53, 80, 35]"
893723,PAW Patrol: The Mighty Movie,"A magical meteor crash lands in Adventure City and gives the PAW Patrol pups superpowers, transforming them into The Mighty Pups.",2023-09-21,6.9,594,37.5818,en,/aTvePCU7exLepwg5hWySjwxojQK.jpg,/zgQQF04u3OgNBJqClRNby1FPz9s.jpg,"[12, 16, 35, 10751, 878]"
285,Pirates of the Caribbean: At World's End,"After losing Captain Jack Sparrow to the locker of Davy Jones, Will Turner, Elizabeth Swann, and Captain Barbossa journey to the ends of the earth to rescue him. And as the East India Trading Company tightens its grip on the seas under Lord Cutler Beckett—now in control of Davy Jones—the fate of piracy hangs by a thread. Now, they must unite the pirate lords for one final stand. But as loyalties are tested and alliances shift, each must ultimately choose where they stand in the battle for freedom on the high seas.",2007-05-19,7.277,15842,34.4687,en,/jGWpG4YhpQwVmjyHEGkxEkeRf0S.jpg,/1jHxkVXMI5s3vRiyiZooUy1shB5.jpg,"[12, 14, 28]"
127585,X-Men: Days of Future Past,The ultimate X-Men ensemble fights a war for the survival of the species across two time periods as they join forces with their younger selves in an epic battle that must change the past – to save our future.,2014-05-15,7.537,16679,34.4517,en,/tYfijzolzgoMOtegh1Y7j2Enorg.jpg,/3czpqXzFy5UcNuD1AubecRLWkwD.jpg,"[28, 12, 878]"
411,"The Chronicles of Narnia: The Lion, the Witch and the Wardrobe",Four kids travel through a wardrobe to the land of Narnia and learn of their destiny to free it with the guidance of a mystical lion.,2005-12-07,7.144,11782,33.4082,en,/iREd0rNCjYdf5Ar0vfaW32yrkm.jpg,/tuDhEdza074bA497bO9WFEPs6O6.jpg,"[12, 10751, 14]"
14160,Up,"Carl Fredricksen spent his entire life dreaming of exploring the globe and experiencing life to its fullest. But at age 78, life seems to have passed him by, until a twist of fate (and a persistent 8-year old Wilderness Explorer named Russell) gives him a new lease on life.",2009-05-28,7.96,22151,32.3072,en,/mFvoEwSfLqbcWwFsDjQebn9bzFe.jpg,/hGGC9gKo7CFE3fW07RA587e5kol.jpg,"[16, 35, 10751, 12]"
725273,Solitary,"A man wakes up inside a room to discover he's a prisoner sent into space to form Earth's first colony, and worse - his cell mate Alana is hell bent on destroying everything.",2020-08-31,5.073,123,38.7743,en,/ApwmbrMlsuOay5rXQA4Kbz7qJAl.jpg,/iDLtDgxLiYsarfdQ4msUhUqoNPp.jpg,[878]
950396,The Gorge,"Two highly trained operatives grow close from a distance after being sent to guard opposite sides of a mysterious gorge. When an evil below emerges, they must work together to survive what lies within.",2025-02-13,7.697,4215,33.7226,en,/7iMBZzVZtG0oBug4TfqDb9ZxAOa.jpg,/9nhjGaFLKtddDPtPaX5EmKqsWdH.jpg,"[10749, 878, 53]"
545611,Everything Everywhere All at Once,"An aging Chinese immigrant is swept up in an insane adventure, where she alone can save what's important to her by connecting with the lives she could have led in other universes.",2022-03-24,7.71,8426,34.019,en,/u68AjlvlutfEIcpmbYpKcdi09ut.jpg,/fIwiFha3WPu5nHkBeMQ4GzEk0Hv.jpg,"[28, 12, 878]"
1218925,Chainsaw Man - The Movie: Reze Arc,"In a brutal war between devils, hunters, and secret enemies, a mysterious girl named Reze has stepped into Denji's world, and he faces his deadliest battle yet, fueled by love in a world where survival knows no rules.",2025-09-19,8.6,1197,33.0295,ja,/pHyxb2RV5wLlboAwm9ZJ9qTVEDw.jpg,/gqTz24ZRsCP6AKjARmEivY7m0cK.jpg,"[16, 28, 10749, 14]"
283995,Guardians of the Galaxy Vol. 2,The Guardians must fight to keep their newfound family together as they unravel the mysteries of Peter Quill's true parentage.,2017-04-25,7.609,23463,33.3209,en,/y4MBh0EjBlMuOzv9axM4qJlmhzz.jpg,/aJn9XeesqsrSLKcHfHP4u5985hn.jpg,"[878, 12, 28]"
546554,Knives Out,"When renowned crime novelist Harlan Thrombey is found dead at his estate just after his 85th birthday, the inquisitive and debonair Detective Benoit Blanc is mysteriously enlisted to investigate. From Harlan's dysfunctional family to his devoted staff, Blanc sifts through a web of red herrings and self-serving lies to uncover the truth behind Harlan's untimely death.",2019-11-27,7.844,14515,32.0807,en,/pThyQovXQrw2m0s9x82twj48Jq4.jpg,/4HWAQu28e2yaWrtupFPGFkdNU7V.jpg,"[35, 80, 9648]"
1279493,The Get Out,"A nightclub owner is on the verge of leaving his dangerous past behind for retirement with his girlfriend. When masked gunmen rob him and he finds himself squeezed by ruthless cartels, a mysterious newcomer arrives with an interest in buying the business. With danger closing in from all sides, he must navigate a deadly web of deception, power, and survival  -  where escape may no longer be an option.",2026-06-18,6.1,86,36.781,en,/zlkeH0s7dDxcnuPcHBqAyXFUxqN.jpg,/mDVnHFcxxUJC9TQFVeKh1TJNBzh.jpg,"[28, 53]"
1265,Bridge to Terabithia,"Jesse Aarons trained all summer to become the fastest runner in school. So he's very upset when newcomer Leslie Burke outruns him and everyone else. Despite this and other differences including that she's rich, he's poor, she's a city girl, and he's a country boy the two become fast friends. Together they create Terabithia, a land of monsters, trolls, ogres, and giants where they rule as king and queen.",2007-02-15,7.352,5476,35.6289,en,/ieIoNyJvtwQ6joyG6npTKxnCtGH.jpg,/o4mQHoP8LExn2Q9dn16OGqHvaiK.jpg,"[12, 18, 10751]"
615777,Babylon,"A tale of outsized ambition and outrageous excess, tracing the rise and fall of multiple characters in an era of unbridled decadence and depravity during Hollywood's transition from silent films to sound films in the late 1920s.",2022-12-22,7.3,3937,33.547,en,/wjOHjWCUE0YzDiEzKv8AfqHj3ir.jpg,/5fxTB08O7CW1hAcN2MWOKodp1h1.jpg,"[18, 35]"
939243,Sonic the Hedgehog 3,"Sonic, Knuckles, and Tails reunite against a powerful new adversary, Shadow, a mysterious villain with powers unlike anything they have faced before. With their abilities outmatched in every way, Team Sonic must seek out an unlikely alliance in hopes of stopping Shadow and protecting the planet.",2024-12-19,7.601,3465,34.5692,en,/d8Ryb8AunYAuycVKDp5HpdWPKgC.jpg,/zOpe0eHsq0A2NvNyBbtT6sj53qV.jpg,"[28, 878, 35, 10751]"
637649,Wrath of Man,"A cold and mysterious new security guard for a Los Angeles cash truck company surprises his co-workers when he unleashes precision skills during a heist. The crew is left wondering who he is and where he came from. Soon, the marksman's ultimate motive becomes clear as he takes dramatic and irrevocable steps to settle a score.",2021-04-22,7.569,6310,33.2874,en,/M7SUK85sKjaStg4TKhlAVyGlz3.jpg,/70AV2Xx5FQYj20labp0EGdbjI6E.jpg,"[53, 80, 18]"
791128,Youngest Sister Class,"Lim Da-yeong, the older sister, intercepted the lover of her younger sister, Lim Da-jeong, who is Yoon Tae-jin. As if this were not enough, Da-yeong imprisoned her younger sister in a mental hospital and lived a happy married life with Tae-jin. Then one day, the Da-jeong escapes from the mental hospital and conspires with helper Jo Yong-hwan, who is her ward friend, to exact cruel revenge on her older sister and her former lover. Both Da-yeong and Tae-jin endure Da-jeong's bloody kidnapping, domesticated slave life and harsh punishments. They look for opportunities to escape with a scary plot in their hearts.  What will be the ending for these crazy sisters?",2020-05-01,4.6,8,32.4502,ko,/ce29t67HRvnOwjEHuDaUByPnJXR.jpg,/ux7BN6umUCGRXBSE75a4yheJRTO.jpg,"[18, 10749]"
920,Cars,"Lightning McQueen, a hotshot rookie race car driven to succeed, discovers that life is about the journey, not the finish line, when he finds himself unexpectedly detoured in the sleepy Route 66 town of Radiator Springs. On route across the country to the big Piston Cup Championship in California to compete against two seasoned pros, McQueen gets to know the town's offbeat characters.",2006-06-08,7.055,15543,32.4231,en,/2Touk3m5gzsqr1VsvxypdyHY5ci.jpg,/sOLgkBKf1gjMRc4yXxM5aciXdfr.jpg,"[16, 12, 35, 10751]"
1525963,Debtor’s Wife,"Soo-yeong and Hae-soo are college friends stuck in a love tangle: Soo-yeong likes Che-moo, but Che-moo likes Hae-soo. Meanwhile, Hae-soo likes Dae-in, but Dae-in likes Soo-yeong. Despite the mixed-up feelings, they end up in mismatched marriages. Later, Hae-soo wants to have a baby and tries to get closer to her husband, Dae-in. But Dae-in knows he can’t have children, so he secretly makes a surprising proposal to Soo-yeong’s husband, Che-moo.",2024-12-26,0.0,0,37.0544,ko,/ouXTrnJBimHIhWIUlHARDJH47no.jpg,,[]
845781,Red One,"After Santa Claus (codename: Red One) is kidnapped, the North Pole's Head of Security must team up with the world's most infamous tracker in a globe-trotting, action-packed mission to save Christmas.",2024-10-31,6.956,3168,31.4938,en,/cdqLnri3NEGcmfnqwk2TSIYtddg.jpg,/rOmUuQEZfPXglwFs5ELLLUDKodL.jpg,"[28, 12, 35, 14]"
652,Troy,"In year 1250 B.C. during the late Bronze age, two emerging nations begin to clash. Paris, the Trojan prince, convinces Helen, Queen of Sparta, to leave her husband Menelaus, and sail with him back to Troy. After Menelaus finds out that his wife was taken by the Trojans, he asks his brother Agamemnon to help him get her back. Agamemnon sees this as an opportunity for power. They set off with 1,000 ships holding 50,000 Greeks to Troy.",2004-05-13,7.191,11533,30.6902,en,/a07wLy4ONfpsjnBqMwhlWTJTcm.jpg,/ZPcC5hJh21QiW0jmhMQhZeSoGu.jpg,"[28, 12]"
539972,Kraven the Hunter,"Kraven Kravinoff's complex relationship with his ruthless gangster father, Nikolai, starts him down a path of vengeance with brutal consequences, motivating him to become not only the greatest hunter in the world, but also one of its most feared.",2024-12-11,6.414,2506,32.023,en,/1GvBhRxY6MELDfxFrete6BNhBB5.jpg,/bGGjyPqtNc8hhGkPo8W8D8t90bW.jpg,"[28, 12, 53]"
1698863,The Odyssey,"Based on the Ancient Greek epic. After ten years of war, King Odysseus sets sail for Ithaca, eager to reunite with his beloved. But his journey home is far more treacherous than the battlefield, as he must face deadly monsters and vengeful gods to survive.",2026-07-03,4.1,584,35.1879,en,/b0z3ViIC5AkbJoqxmTpqyjgmoJs.jpg,/mPy1xSASQ9NYWJdAGx2C2sOsnNw.jpg,"[12, 14, 28]"
857,Saving Private Ryan,"As U.S. troops storm the beaches of Normandy, three brothers lie dead on the battlefield, with a fourth trapped behind enemy lines. Ranger captain John Miller and seven men are tasked with penetrating German-held territory and bringing the boy home.",1998-07-24,8.233,17800,32.6805,en,/uqx37cS8cpHg8U35f9U5IBlrCV3.jpg,/bdD39MpSVhKjxarTxLSfX6baoMP.jpg,"[10752, 18, 36]"
425274,Now You See Me: Now You Don't,"The original Four Horsemen reunite with a new generation of illusionists to take on powerful diamond heiress Veronika Vanderberg, who leads a criminal empire built on money laundering and trafficking. The new and old magicians must overcome their differences to work together on their most ambitious heist yet.",2025-11-12,6.454,1831,32.4021,en,/oD3Eey4e4Z259XLm3eD3WGcoJAh.jpg,/ufqytAlziHq5pljKByGJ8IKhtEZ.jpg,"[80, 53]"
1422,The Departed,"To take down South Boston's Irish Mafia, the police send in one of their own to infiltrate the underworld, not realizing the syndicate has done likewise. While an undercover cop curries favor with the mob kingpin, a career criminal rises through the police ranks. But both sides soon discover there's a mole among them.",2006-10-04,8.159,16668,31.1339,en,/nT97ifVT2J1yMQmeq20Qblg61T.jpg,/6WRrGYalXXveItfpnipYdayFkQB.jpg,"[18, 53, 80]"
424,Schindler's List,The true story of how businessman Oskar Schindler saved over a thousand Jewish lives from the Nazis while they worked as slaves in his factory during World War II.,1993-12-15,8.57,17930,32.5905,en,/sF1U4EUQS8YHUYjNl3pMGNIQyr0.jpg,/zb6fM1CX41D9rF9hdgclu0peUmy.jpg,"[18, 36, 10752]"
11324,Shutter Island,"World War II soldier-turned-U.S. Marshal Teddy Daniels investigates the disappearance of a patient from a hospital for the criminally insane, but his efforts are compromised by troubling visions and a mysterious doctor.",2010-02-14,8.2,26455,32.4986,en,/nrmXQ0zcZUL8jFLrakWc90IR8z9.jpg,/rbZvGN1A1QyZuoKzhCw8QPmf2q0.jpg,"[18, 53, 9648]"
284054,Black Panther,"King T'Challa returns home to the reclusive, technologically advanced African nation of Wakanda to serve as his country's new leader. However, T'Challa soon finds that he is challenged for the throne by factions within his own country as well as without. Using powers reserved to Wakandan kings, T'Challa assumes the Black Panther mantle to join with ex-girlfriend Nakia, the queen-mother, his princess-kid sister, members of the Dora Milaje (the Wakandan 'special forces') and an American secret agent, to prevent Wakanda from being dragged into a world war.",2018-02-13,7.361,23984,32.2348,en,/uxzzxijgPIY7slzFvMotPv8wjKA.jpg,/b6ZJZHUdMEFECvGiDpJjlfUWela.jpg,"[28, 12, 878]"
111,Scarface,"After getting a green card in exchange for assassinating a Cuban government official, Tony Montana stakes a claim on the drug trade in Miami. Viciously murdering anyone who stands in his way, Tony eventually becomes the biggest drug lord in the state, controlling nearly all the cocaine that comes through Miami. But increased pressure from the police, wars with Colombian drug cartels and his own drug-fueled paranoia serve to fuel the flames of his eventual downfall.",1983-12-09,8.152,13448,31.4945,en,/iQ5ztdjvteGeboxtmRdXEChJOHh.jpg,/cCvp5Sni75agCtyJkNOMapORUQV.jpg,"[28, 80, 18]"
541671,Ballerina,"Taking place during the events of John Wick: Chapter 3 – Parabellum, Eve Macarro begins her training in the assassin traditions of the Ruska Roma.",2025-06-04,7.272,2983,32.4222,en,/2VUmvqsHb6cEtdfscEA6fqqVzLg.jpg,/1yktYsxkmUtUFTUnCAUaqG6FEiz.jpg,"[28, 53, 80]"
62177,Brave,"In the mystical Scottish Highlands, Merida is the princess of a kingdom ruled by King Fergus and Queen Elinor. An unruly daughter and an accomplished archer, Merida one day defies a sacred custom of the land and inadvertently brings turmoil to the kingdom. In an attempt to set things right, Merida seeks out an eccentric old Wise Woman and is granted an ill-fated wish.",2012-06-21,7.036,14452,28.2324,en,/1XAuDtMWpL0sYSFK0R6EZate2Ux.jpg,/qx9ts2hBYJrkIQxhryitxnLlm2u.jpg,"[12, 16, 10751, 14]"
950028,The Invite,"Joe and Angela's marriage is on thin ice. When they invite their enigmatic upstairs neighbors for a dinner party, the night spirals into unexpected places. Have they reignited the spark or lit the match that burns it all down?",2026-06-25,7.254,613,36.9037,en,/b7Dr8Chzse8VagexAporUu2RtLx.jpg,/lEwqBGNR65KZv6Ej5ufcmhZu2y2.jpg,"[35, 18, 10749]"
429,"The Good, the Bad and the Ugly","While the Civil War rages on between the Union and the Confederacy, three men – a quiet loner, a ruthless hitman, and a Mexican bandit – comb the American Southwest in search of a strongbox containing $200,000 in stolen gold.",1966-12-23,8.468,9960,31.2348,it,/bX2xnavhMYjWDoZp1VM6VnU1xwe.jpg,/x4biAVdPVCghBlsVIzB6NmbghIz.jpg,[37]
293660,Deadpool,"The origin story of former Special Forces operative turned mercenary Wade Wilson, who, after being subjected to a rogue experiment that leaves him with accelerated healing powers, adopts the alter ego Deadpool. Armed with his new abilities and a dark, twisted sense of humor, Deadpool hunts down the man who nearly destroyed his life.",2016-02-09,7.626,33321,30.5862,en,/3E53WEZJqP6aM84D8CckXx4pIHw.jpg,/rFj9IKlL75B2pXhZA60jkNWvxeW.jpg,"[28, 12, 35]"
1564614,Leviticus,Two teenage boys must escape a violent entity that takes the form of the person they desire most:  each other.,2026-06-17,6.8,524,34.4852,en,/gnAsZvBygplNpp8PtjoTEYv3VPB.jpg,/7y8zWGEjs7tresw4Hzkkf4TdkcL.jpg,"[27, 10749]"
214756,Ted 2,"Newlywed couple Ted and Tami-Lynn want to have a baby, but in order to qualify to be a parent, Ted will have to prove he's a person in a court of law.",2015-06-25,6.328,8177,31.5655,en,/38C91I7Xft0gyY7BITm8i4yvuRb.jpg,/xtHonIIIQXverDQM08TMQXjn9Fe.jpg,"[35, 14]"
549509,The Brutalist,"When an innovative modern architect flees post-war Europe, he is given the opportunity to rebuild his legacy. Set during the dawn of the modern United States (in Pennsylvania), his wife joins him, and their lives are forever changed by a demanding, wealthy patron.",2024-12-20,6.931,1821,31.2545,en,/vP7Yd6couiAaw9jgMd5cjMRj3hQ.jpg,/hmZnqijPaaACjenDkrbWcCmcADI.jpg,[18]
945961,Alien: Romulus,"While scavenging the deep ends of a derelict space station, a group of young space colonizers come face to face with the most terrifying life form in the universe.",2024-08-13,7.158,4902,30.1887,en,/2uSWRTtCG336nuBiG8jOTEUKSy8.jpg,/iYqSQaWDttQIQzsxg9xHyg0bttG.jpg,"[27, 878]"
12153,White Chicks,"Two FBI agent brothers, Marcus and Kevin Copeland, accidentally foil a drug bust. To avoid being fired they accept a mission escorting a pair of socialites to the Hamptons--but when the girls are disfigured in a car accident, they refuse to go. Left without options, Marcus and Kevin decide to pose as the sisters, transforming themselves from black men into rich white women.",2004-06-23,6.963,4751,29.5592,en,/aHTUpo45qy9QYIOnVITGGqLoVcA.jpg,/di47xqYMCYpjqwnqNlO17X5qXMX.jpg,"[35, 80]"
383498,Deadpool 2,Wisecracking mercenary Deadpool battles the evil and powerful Cable and other bad guys to save a boy's life.,2018-05-15,7.489,19674,30.0367,en,/to0spRl1CMDvyUbOnbb4fTk3VAd.jpg,/3P52oz9HPQWxcwHOwxtyrVV1LKi.jpg,"[28, 35, 12]"
1380291,Tom Clancy's Jack Ryan: Ghost War,"Jack Ryan is reluctantly pulled back into espionage when an international covert mission unravels a deadly conspiracy. Racing against time, he joins CIA allies Mike November & James Greer and sharp MI6 officer Emma Marlowe to battle a rogue black-ops unit in a high-stakes, deeply personal fight.",2026-05-20,6.916,786,31.2725,en,/8ehYxUh5MWE41AeE9gkHE8DKzvB.jpg,/dd31qJxOarrHyGZwYsCzOjobQzP.jpg,"[28, 53]"
301528,Toy Story 4,"Woody has always been confident about his place in the world, devoted to taking care of his kid—whether that's Andy or Bonnie. But after Bonnie creates a reluctant new toy called ""Forky"", a road trip adventure alongside old and new friends challenges everything Woody believes about loyalty, purpose, and what it truly means to be a toy.",2019-06-19,7.465,11001,32.8233,en,/w9kR8qbmQ01HwnvK4alvnQ2ca0L.jpg,/q62bpQ67qaXY0u6b2wFEnQYIbPd.jpg,"[10751, 35, 16, 12]"
985939,Fall,"For best friends Becky and Hunter, life is all about conquering fears and pushing limits. But after they climb 2,000 feet to the top of a remote, abandoned radio tower, they find themselves stranded with no way down. Now Becky and Hunter's expert climbing skills will be put to the ultimate test as they desperately fight to survive the elements, a lack of supplies, and vertigo-inducing heights.",2022-08-11,7.141,4881,30.6607,en,/spCAxD99U1A6jsiePFoqdEcY0dG.jpg,/hT3OqvzMqCQuJsUjZnQwA5NuxgK.jpg,[53]
436969,The Suicide Squad,"Supervillains Harley Quinn, Bloodsport, Peacemaker and a collection of nutty cons at Belle Reve prison join the super-secret, super-shady Task Force X as they are dropped off at the remote, enemy-infused island of Corto Maltese.",2021-07-28,7.445,9914,31.1444,en,/q61qEyssk2ku3okWICKArlAdhBn.jpg,/jlGmlFOcfo8n5tURmhC7YVd4Iyy.jpg,"[28, 35, 12]"
370172,No Time to Die,"Bond has left active service and is enjoying a tranquil life in Jamaica. His peace is short-lived when his old friend Felix Leiter from the CIA turns up asking for help. The mission to rescue a kidnapped scientist turns out to be far more treacherous than expected, leading Bond onto the trail of a mysterious villain armed with dangerous new technology.",2021-09-29,7.338,7390,31.1131,en,/iUgygt3fscRoKWCV1d0C7FbM9TP.jpg,/bz7pwNGCbV576COsDcYN9MbEACC.jpg,"[28, 53, 12]"
786892,Furiosa: A Mad Max Saga,"As the world falls, young Furiosa is snatched from the Green Place of Many Mothers into the hands of a great biker horde led by the warlord Dementus. Sweeping through the wasteland, they encounter the citadel presided over by Immortan Joe. The two tyrants wage war for dominance, and Furiosa must survive many trials as she puts together the means to find her way home.",2024-05-22,7.444,5205,31.3842,en,/iADOJ8Zymht2JPMoy3R7xceZprc.jpg,/raph7qjAGTMXaIjVxt6ZDSXRzUr.jpg,"[28, 878, 12]"
260514,Cars 3,"Blindsided by a new generation of blazing-fast racers, the legendary Lightning McQueen finds himself pushed to the brink—and suddenly, the champion who once ruled the track is fighting just to stay in the race. With his career hanging in the balance, McQueen must turn to an ambitious young race technician with a plan of her own, draw strength from the legacy of the late Fabulous Hudson Hornet, and risk everything on one last shot at glory.",2017-06-15,6.866,6584,32.4235,en,/zg5RDxvIIAKsucjuU2EZJIHEIvz.jpg,/4mlS1MitcOqdPLhxEFyk9Qwf5rr.jpg,"[16, 18, 10751, 12]"
207703,Kingsman: The Secret Service,The story of a super-secret spy organization that recruits an unrefined but promising street kid into the agency's ultra-competitive training program just as a global threat emerges from a twisted tech genius.,2015-01-24,7.617,18175,30.8789,en,/r6q9wZK5a2K51KFj4LWVID6Ja1r.jpg,/qzUIOTk0E3F1zjvYjcBRTKUTgf9.jpg,"[80, 35, 28]"
324552,John Wick: Chapter 2,"John Wick is forced out of retirement by a former associate looking to seize control of a shadowy international assassins’ guild. Bound by a blood oath to aid him, Wick travels to Rome and does battle against some of the world’s most dangerous killers.",2017-02-08,7.346,14629,28.8078,en,/hXWBc0ioZP3cN4zCu6SN3YHXZVO.jpg,/Aa9Lx6gotP0szl9tlt5SPCN08oF.jpg,"[28, 53, 80]"
1248832,Digger,The most powerful man in the world embarks on a frantic mission to prove he is humanity's savior before the disaster he's unleashed destroys everything.,2026-09-30,0.0,0,33.8641,en,/1ATXKrIPJyKNwnJ6lcG088Sa6zi.jpg,/b7PtCwsuMw84REQq15nmQgT9UXN.jpg,[35]
640,Catch Me If You Can,"A true story about Frank Abagnale Jr. who, before his 19th birthday, successfully conned millions of dollars worth of checks as a Pan Am pilot, doctor, and legal prosecutor. An FBI agent makes it his mission to put him behind bars. But Frank not only eludes capture, he revels in the pursuit.",2002-12-16,7.978,17586,32.173,en,/ctjEj2xM32OvBXCq8zAdK3ZrsAj.jpg,/ggC3Brchf4RqPitEh7cROFoeAWn.jpg,"[18, 80]"
425,Ice Age,"Manny the mammoth, Sid the loquacious sloth, and Diego the sabre-toothed tiger go on a comical quest to return a human baby back to his father, across a world on the brink of an ice age.",2002-03-14,7.384,14648,30.2869,en,/gLhHHZUzeseRXShoDyC4VqLgsNv.jpg,/8pwIhymsxfAVjrAE7syDjQULn37.jpg,"[16, 35, 10751, 12]"
1325734,The Drama,A happily engaged couple is put to the test when an unexpected turn sends their wedding week off the rails.,2026-04-01,6.904,1830,32.1102,en,/rnIOUhzwJDfgQakx8EjoNyItKgs.jpg,/1oKLEA9JOhvaBwLpqjROisvWMy7.jpg,"[10749, 35, 18]"
18,The Fifth Element,"In 2257, a taxi driver is unintentionally given the task of saving a young girl who is part of the key that will ensure the survival of humanity.",1997-05-02,7.592,12165,29.7297,fr,/fPtlCO1yQtnoLHOwKtWz7db6RGU.jpg,/jW21PoKwqs79wk6bfiYezox63mK.jpg,"[878, 28, 12]"
1284041,The Last House,A family suddenly sealed inside their home must work together to survive against dwindling resources and the ominous threat keeping them trapped.,2026-08-06,6.856,1387,32.7151,en,/6JU7E8Vv2M11egkctWVOScxWR75.jpg,/1RhfevWmWCVHtEqxWBEjPOC5KG1.jpg,"[27, 878, 53]"
769,GoodFellas,"The true story of Henry Hill, a half-Irish, half-Sicilian Brooklyn kid who is adopted by neighbourhood gangsters at an early age and climbs the ranks of a Mafia family under the guidance of Jimmy Conway.",1990-09-12,8.451,14774,30.6072,en,/9OkCLM73MIU2CrKZbqiT8Ln1wY2.jpg,/gILte6Zd7m1YneIr6MVhh30S9pr.jpg,"[18, 80]"
1481343,The Devil's Mouth,"A group of college friends' Thailand adventure turns deadly when they become trapped in submerged caves with a dangerous predator. As oxygen runs low, past conflicts emerge in their desperate fight for survival.",2026-07-29,6.501,793,30.0504,en,/lH8k9uCWYn2b2gsYleqYBDPbWa8.jpg,/pLyaH6k69OJHnONSmN3R7Peh6HE.jpg,"[27, 53]"
42573,Dr. Jekyll Likes Them Hot,"A lusty young woman decides to use her sexual powers to ""tame"" the evil and murderous Dr. Jekyll.",1979-08-31,5.0,30,47.6875,it,/zneBy6Rpjq6cTnoQcoKbhs3Q0sL.jpg,/eM17nYEf4uIgVPjNrTh7qf6ApoZ.jpg,"[27, 35]"
980477,Ne Zha 2,"After a catastrophic event leaves their bodies destroyed, Ne Zha and Ao Bing are granted a fragile second chance at life. As tensions rise between the dragon clans and celestial forces, the two must undergo a series of perilous trials that will test their bond, challenge their identities, and decide the fate of both mortals and immortals.",2025-01-29,8.176,829,31.0963,zh,/293Mo4GWf7Tl0TfAr5NFghqeMy7.jpg,/gd9kxeEEONj5SECs4GA8Ddn3czI.jpg,"[16, 28, 14, 12]"
445466,Idiots,"Two rock-bottom drivers transport a wealthy teen to rehab, but their simple job spirals into a chaotic journey of drugs, danger, and crime as their passenger derails their plans.",2026-08-20,7.0,12,33.5182,en,/flpCqxH46pGZD1kNOdYgrVsDoTm.jpg,/lneqlgbg3XUjNaeGYk8arhgzczo.jpg,"[35, 80]"
653346,Kingdom of the Planet of the Apes,"Several generations following Caesar's reign, apes – now the dominant species – live harmoniously while humans have been reduced to living in the shadows. As a new tyrannical ape leader builds his empire, one young ape undertakes a harrowing journey that will cause him to question all he's known about the past and to make choices that will define a future for apes and humans alike.",2024-05-08,7.051,4459,31.0965,en,/gKkl37BQuKTanygYQG1pyYgLVgf.jpg,/fypydCipcWDKDTTCoPucBsdGYXW.jpg,"[878, 12, 28]"
272,Batman Begins,"Driven by tragedy, billionaire Bruce Wayne dedicates his life to uncovering and defeating the corruption that plagues his home, Gotham City.  Unable to work within the system, he instead creates a new identity, a symbol of fear for the criminal underworld - The Batman.",2005-06-10,7.73,23211,31.231,en,/sPX89Td70IDDjVr85jdSBb4rWGr.jpg,/9IIBboV7MCT0bTxzXHmWK1Hq558.jpg,"[18, 80, 28]"
762509,Mufasa: The Lion King,"Mufasa, a cub lost and alone, meets a sympathetic lion named Taka, the heir to a royal bloodline. The chance meeting sets in motion an expansive journey of a group of misfits searching for their destiny.",2024-12-18,7.284,2775,30.17,en,/jbOSUAWMGzGL1L4EaUF8K6zYFo7.jpg,/1w8kutrRucTd3wlYyu5QlUDMiG1.jpg,"[12, 10751, 16]"
1724,The Incredible Hulk,"Scientist Bruce Banner scours the planet for an antidote to the unbridled force of rage within him: the Hulk. But when the military masterminds who dream of exploiting his powers force him back to civilization, he finds himself coming face to face with a new, deadly foe.",2008-06-12,6.261,13155,31.8275,en,/gKzYx79y0AQTL4UAk1cBQJ3nvrm.jpg,/xfBnQ4mgf1jYZsscJGJjr6ce0Ar.jpg,"[878, 28, 12]"
1318447,Apex,A grieving woman pushing her limits on a solo adventure in the Australian wild is ensnared in a twisted game with a cunning killer who thinks she's prey.,2026-04-24,6.896,1941,29.7387,en,/eTp7gSPkSF3Aw79mNx1NkBP1PZT.jpg,/9nzfyiYbmTUXWC4B2kwjl4NAlqO.jpg,"[28, 53]"
286217,The Martian,"During a manned mission to Mars, Astronaut Mark Watney is presumed dead after a fierce storm and left behind by his crew. But Watney has survived and finds himself stranded and alone on the hostile planet. With only meager supplies, he must draw upon his ingenuity, wit and spirit to subsist and find a way to signal to Earth that he is alive.",2015-09-30,7.708,21838,30.5487,en,/5BHuvQ6p9kfc091Z8RiFNhCwL4b.jpg,/lzMS0CI3FLQYC5EgJoWeIaEt0lm.jpg,"[878, 18, 12]"
68721,Iron Man 3,"When Tony Stark's world is torn apart by a formidable terrorist called the Mandarin, he starts an odyssey of rebuilding and retribution.",2013-04-18,6.933,23899,31.9841,en,/qhPtAc1TKbMPqNvcdXSOn9Bn7hZ.jpg,/iVped1djsF0tvGkvnHbzsE3ZPTF.jpg,"[28, 12, 878]"
564,The Mummy,Dashing legionnaire Rick O'Connell stumbles upon the hidden ruins of Hamunaptra while in the midst of a battle to claim the area in 1920s Egypt. It has been over three thousand years since former High Priest Imhotep suffered a fate worse than death as a punishment for a forbidden love—along with a curse that guarantees eternal doom upon the world if he is ever awoken.,1999-04-16,6.994,10402,29.2553,en,/yhIsVvcUm7QxzLfT6HW2wLf5ajY.jpg,/8zLS8p1tRyWFLRFfmgQq0j5WE6z.jpg,"[12, 28, 14]"
505642,Black Panther: Wakanda Forever,"Queen Ramonda, Shuri, M’Baku, Okoye and the Dora Milaje fight to protect their nation from intervening world powers in the wake of King T’Challa’s death.  As the Wakandans strive to embrace their next chapter, the heroes must band together with the help of War Dog Nakia and Everett Ross and forge a new path for the kingdom of Wakanda.",2022-11-09,6.991,7791,29.4254,en,/sv1xJUazXeYqALzczSZ3O6nkH75.jpg,/83H0C66AcvkwpG2738VCTHMY9uv.jpg,"[28, 12, 878]"
39254,Real Steel,"Charlie Kenton is a washed-up fighter who retired from the ring when robots took over the sport. After his robot is trashed, he reluctantly teams up with his estranged son to rebuild and train an unlikely contender.",2011-09-28,7.147,9562,31.5895,en,/4GIeI5K5YdDUkR3mNQBoScpSFEf.jpg,/pjlxrd646cBYznHoPBWTzz6FujX.jpg,"[28, 878, 18]"
329865,Arrival,"Taking place after alien crafts land around the world, an expert linguist is recruited by the military to determine whether they come in peace or are a threat.",2016-11-10,7.634,19896,27.4902,en,/pEzNVQfdzYDzVK0XqxERIw2x2se.jpg,/8MUZz7oPXQftFTslZpRP3CVMOoq.jpg,"[18, 878, 9648]"
207,Dead Poets Society,"At an elite, old-fashioned boarding school in New England, a passionate English teacher inspires his students to rebel against convention and seize the potential of every day, courting the disdain of the stern headmaster.",1989-06-02,8.297,12978,31.851,en,/tNvKkSnnn4Z6RCBThyK1gfCSSvv.jpg,/lFIXZpwwlF9hg8NM3RazaIJDuaj.jpg,[18]
1341138,Spa Weekend,"Four lifelong friends realize that somewhere between careers, relationships, families, and everyday responsibilities, they’ve forgotten how to take care of themselves and each other. Burned out and overdue for a break, the women escape to a luxury spa retreat for an unforgettable weekend dedicated to fun, laughter, and a lot of really bad decisions.",2026-08-20,6.808,39,34.3768,en,/uhx4YjT9YbSxrKVE7GWJdjI412J.jpg,/ftFf9sfJq69xJ0AuiaIuDKBtfzg.jpg,[35]
694,The Shining,"Jack Torrance accepts a caretaker job at the Overlook Hotel, where he, along with his wife Wendy and their son Danny, must live isolated from the rest of the world for the winter. But they aren't prepared for the madness that lurks within.",1980-05-23,8.201,19398,29.1446,en,/uAR0AWqhQL1hQa69UDEbb2rE5Wx.jpg,/AdKA2F1SzYPhSZdEbjH1Zh75UVQ.jpg,"[27, 53]"
522627,The Gentlemen,"American expat Mickey Pearson has built a highly profitable marijuana empire in London. When word gets out that he’s looking to cash out of the business forever it triggers plots, schemes, bribery and blackmail in an attempt to steal his domain out from under him.",2019-12-03,7.657,6892,28.8619,en,/jtrhTYB7xSrJxR1vusu99nvnZ1g.jpg,/hClLP88yMIuhslwSVxtYrvWmxfp.jpg,"[28, 35, 80]"
109445,Frozen,"Young princess Anna of Arendelle dreams about finding true love at her sister Elsa’s coronation. Fate takes her on a dangerous journey in an attempt to end the eternal winter that has fallen over the kingdom. She's accompanied by ice delivery man Kristoff, his reindeer Sven, and snowman Olaf. On an adventure where she will find out what friendship, courage, family, and true love really means.",2013-11-20,7.249,17899,30.6076,en,/itAKcobTYGpYT8Phwjd8c9hleTo.jpg,/rj58WQ9ImI0mYDptXdM7euX1Wjt.jpg,"[16, 10751, 12, 14]"
1159559,Scream 7,"When a new Ghostface killer emerges in the quiet town where Sidney Prescott has built a new life, her darkest fears are realized as her daughter becomes the next target. Determined to protect her family, Sidney must face the horrors of her past to put an end to the bloodshed once and for all.",2026-02-25,6.227,1291,30.3373,en,/jjyuk0edLiW8vOSnlfwWCCLpbh5.jpg,/3eUyLEF5M0ky3h6KJsWiWzaakB8.jpg,"[27, 9648, 80]"
49051,The Hobbit: An Unexpected Journey,"Bilbo Baggins, a hobbit enjoying his quiet life, is swept into an epic quest by Gandalf the Grey and thirteen dwarves who seek to reclaim their mountain home from Smaug, the dragon.",2012-12-12,7.382,20088,30.0875,en,/yHA9Fc37VmpUA5UncTxxo3rTGVA.jpg,/xyXmtuvsoM5J3yNad0nvcetpBdY.jpg,"[12, 14, 28]"
1288341,Seven Snipers,"When a former elite sniper is hunted down by the ruthless warlord who once held her captive, she must fight to the death to protect the daughter she has raised in hiding, on a remote Australian farm.",2026-04-30,6.0,140,30.7121,en,/pK6tGCG6UAgUT5FTq3ylGErHxQQ.jpg,/g2aOpyCO1vEyUZURh3V5uaHu187.jpg,"[28, 53]"
321612,Beauty and the Beast,A live-action adaptation of Disney's version of the classic tale of a cursed prince and a beautiful young woman who helps him break the spell.,2017-03-16,6.966,16171,29.2163,en,/hKegSKIDep2ewJWPUQD7u0KqFIp.jpg,/uU1Mt4JWhDvl4vKb3AfxNsorkoM.jpg,"[10751, 14, 10749]"
866398,The Beekeeper,One man's campaign for vengeance takes on national stakes after he is revealed to be a former operative of a powerful and clandestine organization known as Beekeepers.,2024-01-08,7.279,4540,31.0762,en,/A7EByudX0eOzlkQ2FIbogzyazm2.jpg,/f0ACHVpV707zqu4etZrXnWNdSgL.jpg,"[28, 80, 53]"
72190,World War Z,"Life for former United Nations investigator Gerry Lane and his family seems content. Suddenly, the world is plagued by a mysterious infection turning whole human populations into rampaging mindless zombies. After barely escaping the chaos, Lane is persuaded to go on a mission to investigate this disease. What follows is a perilous trek around the world where Lane must brave horrific dangers and long odds to find answers before human civilization falls.",2013-06-19,6.851,17063,30.0782,en,/aCnVdvExw6UWSeQfr0tUH3jr4qG.jpg,/kg2FOT2Oe5PSCgs3L4vLel6B7ck.jpg,"[28, 27, 878]"
1413976,Citizen Vigilante,"A man takes justice into his own hands, hunting down criminals. His vigilante crusade makes him a social media star but puts him at odds with the local police chief.",2026-06-19,6.5,404,30.611,en,/6LmJD3Wohe0g4U62wgi7RyJqfE4.jpg,/zUninC7dOHfzwcgCqQMLQjlMtiy.jpg,"[53, 28, 80]"
284052,Doctor Strange,"After his career is destroyed, a brilliant but arrogant surgeon gets a new lease on life when a sorcerer takes him under her wing and trains him to defend the world against evil.",2016-10-25,7.426,23941,30.3429,en,/uGBVj3bEbCoZbDjjl9wTxcygko1.jpg,/kkoiH8ZWxJ9WSAjOadGtuHUQxbm.jpg,"[14, 12, 28]"
18785,The Hangover,"When three friends finally come to after a raucous night of bachelor-party revelry, they find a baby in the closet and a tiger in the bathroom. But they can't seem to locate their best friend, Doug – who's supposed to be tying the knot. Launching a frantic search for Doug, the trio perseveres through a nasty hangover to try to make it to the church on time.",2009-06-02,7.337,18530,29.7721,en,/A0uS9rHR56FeBtpjVki16M5xxSW.jpg,/iuRVt8tFiXDPGgzavhuSa3QHRxD.jpg,[35]
1197306,A Working Man,"Levon Cade left behind a decorated military career in the black ops to live a simple life working construction. But when his boss's daughter, who is like family to him, is taken by human traffickers, his search to bring her home uncovers a world of corruption far greater than he ever could have imagined.",2025-03-26,6.682,2091,29.1977,en,/6FRFIogh3zFnVWn7Z6zcYnIbRcX.jpg,/fTrQsdMS2MUw00RnzH0r3JWHhts.jpg,"[28, 80, 53]"
38757,Tangled,"Feisty teenager Rapunzel, who has long and magical hair, wants to go and see sky lanterns on her eighteenth birthday, but she's bound to a tower by her overprotective mother. She strikes a deal with Flynn Rider, a charming wanted thief, and the duo set off on an action-packed escapade.",2010-11-24,7.6,12710,30.201,en,/ym7Kst6a4uodryxqbGOxmewF235.jpg,/cWczNud8Y8i8ab0Z4bxos4myWYO.jpg,"[16, 10751, 12]"
2062,Ratatouille,"In one of Paris's finest restaurants, Remy, a determined young rat, dreams of becoming a renowned French chef. Torn between his family's wishes and his true calling, Remy and his pal Linguini set in motion a hilarious chain of events that turns the City of Lights upside down.",2007-06-28,7.847,18958,29.088,en,/t3vaWRPSf6WjDSamIkKDs1iQWna.jpg,/qxGmHvmjlBlH5WZOhdHEHAjHaMB.jpg,"[16, 35, 10751, 14]"
558449,Gladiator II,"Years after witnessing the death of the revered hero Maximus at the hands of his uncle, Lucius is forced to enter the Colosseum after his home is conquered by the tyrannical Emperors who now lead Rome with an iron fist. With rage in his heart and the future of the Empire at stake, Lucius must look to his past to find strength and honor to return the glory of Rome to its people.",2024-11-13,6.591,4752,28.4308,en,/2cxhvwyEwRlysAmRH4iodkvo0z5.jpg,/tOqIwliWMovSIZ9DyvHcHI7p2im.jpg,"[28, 12, 18]"
102382,The Amazing Spider-Man 2,"For Peter Parker, life is busy. Between taking out the bad guys as Spider-Man and spending time with the person he loves, Gwen Stacy, high school graduation cannot come quickly enough. Peter has not forgotten about the promise he made to Gwen’s father to protect her by staying away, but that is a promise he cannot keep. Things will change for Peter when a new villain, Electro, emerges, an old friend, Harry Osborn, returns, and Peter uncovers new clues about his past.",2014-04-16,6.561,14754,28.698,en,/bU7nTmvmy0h3VUP01v1T2imgH6N.jpg,/k0hlAzTryCYX1O1LyC6P8tAa8s0.jpg,"[28, 12, 878]"
519182,Despicable Me 4,"Gru and Lucy and their girls—Margo, Edith and Agnes—welcome a new member to the Gru family, Gru Jr., who is intent on tormenting his dad. Gru also faces a new nemesis in Maxime Le Mal and his femme fatale girlfriend Valentina, forcing the family to go on the run.",2024-06-20,6.968,3370,28.8287,en,/wWba3TaojhK7NdycRhoQpsG0FaH.jpg,/twsxsfao6ZOVvT8LfudH603MMi6.jpg,"[16, 35, 28, 878, 10751]"
259693,The Conjuring 2,Lorraine and Ed Warren travel to north London to help a single mother raising four children alone in a house plagued by malicious spirits.,2016-06-08,7.294,9413,31.2328,en,/zEqyD0SBt6HL7W9JQoWwtd5Do1T.jpg,/hD9zZYKYb1xBgcm8XIfyvclSkjs.jpg,[27]
165,Back to the Future Part II,"Marty and Doc are at it again as the time-traveling duo head to 2015 to nip some McFly family woes in the bud. But things go awry thanks to bully Biff Tannen and a pesky sports almanac. In a last-ditch attempt to set things straight, Marty finds himself bound for 1955 and face to face with his teenage parents -- again.",1989-11-22,7.784,14298,32.306,en,/hQq8xZe5uLjFzSBt4LanNP7SQjl.jpg,/w6tPctxWAsHoQXeKxxNOT6lYKpx.jpg,"[12, 35, 878]"
181808,Star Wars: The Last Jedi,"Rey develops her newly discovered abilities with the guidance of Luke Skywalker, who is unsettled by the strength of her powers. Meanwhile, the Resistance prepares to do battle with the First Order.",2017-12-13,6.737,16688,28.9803,en,/kOVEVeg59E0wsnXmF9nrh6OmWII.jpg,/5Iw7zQTHVRBOYpA0V6z0yypOPZh.jpg,"[12, 28, 878]"
298618,The Flash,"When his attempt to save his family inadvertently alters the future, Barry Allen becomes trapped in a reality in which General Zod has returned and there are no Super Heroes to turn to. In order to save the world that he is in and return to the future that he knows, Barry's only hope is to race for his life. But will making the ultimate sacrifice be enough to reset the universe?",2023-06-13,6.608,5265,27.7208,en,/rktDFPbfHfUbArZ6OOOKsXcv0Bm.jpg,/yF1eOkaYvwiORauRCPWznV9xVvi.jpg,"[28, 878, 12]"
87101,Terminator Genisys,"The year is 2029. John Connor, leader of the resistance continues the war against the machines. At the Los Angeles offensive, John's fears of the unknown future begin to emerge when TECOM spies reveal a new plot by SkyNet that will attack him from both fronts; past and future, and will ultimately change warfare forever.",2015-06-23,5.96,9182,28.6308,en,/oZRVDpNtmHk8M1VYy1aeOWUXgbC.jpg,/wvlIoof1FnKPLv9jAYanuP31V0C.jpg,"[878, 28, 53]"
8966,Twilight,"When Bella Swan moves to a small town in the Pacific Northwest, she falls in love with Edward Cullen, a mysterious classmate who reveals himself to be a 108-year-old vampire. Despite Edward's repeated cautions, Bella can't stay away from him, a fatal move that endangers her own life.",2008-11-20,6.274,14683,29.6412,en,/3Gkb6jm6962ADUPaCBqzz9CTbn9.jpg,/weAYfu6FfrNxEDJ3xH1XpgQcqUv.jpg,"[14, 18, 10749]"
390062,Jungle,"In 1981, an enthusiastic young adventurer follows his dreams into the Bolivian Amazon jungle with two friends and a guide with a mysterious past. Their journey quickly turns into a terrifying ordeal as the darkest elements of human nature and the deadliest threats of the wilderness lead to an all-out fight for survival.",2017-06-27,6.73,2290,30.1705,en,/tDgxknTVwrScxpCYyGUjXSn5NRk.jpg,/lUqBGngYLKomteGQrwM6gd89uEM.jpg,"[12, 53]"
436270,Black Adam,"Nearly 5,000 years after he was bestowed with the almighty powers of the Egyptian gods—and imprisoned just as quickly—Black Adam is freed from his earthly tomb, ready to unleash his unique form of justice on the modern world.",2022-10-19,6.763,7265,29.8539,en,/rCtreCr4xiYEWDQTebybolIh6Xe.jpg,/bQXAqRx2Fgc46uCVWgoPz5L5Dtr.jpg,"[28, 12, 878]"
37165,The Truman Show,"In a picture-perfect seaside town, an insurance salesman begins to realize that his entire existence may be staged and observed by a vast unseen audience as part of a long-running real-time reality TV show.",1998-06-04,8.159,20878,29.5888,en,/vuza0WqY239yBXOadKlGwJsZJFE.jpg,/rmiG2uwcNoGFmBKMoa1pIcf514L.jpg,"[35, 18]"
209112,Batman v Superman: Dawn of Justice,"Fearing the actions of a god-like Super Hero left unchecked, Gotham City’s own formidable, forceful vigilante takes on Metropolis’s most revered, modern-day savior, while the world wrestles with what sort of hero it really needs. And with Batman and Superman at war with one another, a new threat quickly arises, putting mankind in greater danger than it’s ever known before.",2016-03-23,6.013,19382,27.9792,en,/5UsK3grJvtQrtzEgqNlDljJW96w.jpg,/5fX1oSGuYdKgwWmUTAN5MNSQGzr.jpg,"[28, 12, 14]"
718930,Bullet Train,"Unlucky assassin Ladybug is determined to do his job peacefully after one too many gigs gone off the rails. Fate, however, may have other plans, as Ladybug's latest mission puts him on a collision course with lethal adversaries from around the globe—all with connected, yet conflicting, objectives—on the world's fastest train.",2022-07-20,7.408,7939,26.8839,en,/j8szC8OgrejDQjjMKSVXyaAjw3V.jpg,/y2Ca1neKke2mGPMaHzlCNDVZqsK.jpg,"[28, 35, 53]"
967941,Wicked: For Good,"As an angry mob rises against the Wicked Witch, Glinda and Elphaba must unite one last time with honesty and empathy to fulfill their shared destiny and change the fate of Oz forever.",2025-11-19,6.6,1156,29.8965,en,/si9tolnefLSUKaqQEGz1bWArOaL.jpg,/cGbPBHKSFO7hSIjxkb3KOaGdOep.jpg,"[14, 12, 10749]"
11036,The Notebook,"An epic love story centered around an older man who reads aloud to a woman with Alzheimer's. From a faded notebook, the old man's words bring to life the story about a couple who is separated by World War II, and is then passionately reunited, seven years later, after they have taken different paths.",2004-06-25,7.889,12879,30.8833,en,/rNzQyW4f8B8cQeg7Dgj3n6eT5k9.jpg,/zdXnJqBaGFVtLoPNuMeKfEYUViZ.jpg,"[10749, 18]"
1865,Pirates of the Caribbean: On Stranger Tides,"When Jack crosses paths with a woman from his past, he's not sure if it's love...or if she's a ruthless con artist using him to find the fabled Fountain of Youth.",2011-05-15,6.574,15258,29.6482,en,/keGfSvCmYj7CvdRx36OdVrAEibE.jpg,/uzIGtyS6bbnJzGsPL93WCF1FWm8.jpg,"[12, 28, 14]"
10192,Shrek Forever After,"A midlife-crisis burdened Shrek, longing for the days of when he felt like a real ogre, makes a pact with magic deal-maker Rumpelstiltskin. But when he's duped and sent to a twisted version of Far Far Away—where Rumpelstiltskin is king, ogres are hunted, and he and Fiona have never met—he sets out to restore his world and reclaim his true love.",2010-05-16,6.414,8128,29.2955,en,/6HrfPZtKcGmX2tUWW3cnciZTaSD.jpg,/uzzTystB8lL0mRDII5Sfs5HxgkI.jpg,"[35, 12, 14, 16, 10751]"
101,Léon: The Professional,"Léon, the top hit man in New York, has earned a rep as an effective ""cleaner"". But when his next-door neighbors are wiped out by a loose-cannon DEA agent, he becomes the unwilling custodian of 12-year-old Mathilda. Before long, Mathilda's thoughts turn to revenge, and she considers following in Léon's footsteps.",1994-09-14,8.29,16541,27.9289,fr,/bxB2q91nKYp8JNzqE7t7TWBVupB.jpg,/fj0hwDJEOOHllRim2BMt5L7tbjf.jpg,"[80, 18, 28]"
38365,Grown Ups,"After their high school basketball coach passes away, five good friends and former teammates reunite for a Fourth of July holiday weekend.",2010-06-24,6.4,6887,27.6422,en,/cQGM5k1NtU85n4TUlrOrwijSCcm.jpg,/kARonxQpuSZdFraTKlCThWOBCtu.jpg,[35]
62,2001: A Space Odyssey,"Humanity finds a mysterious object buried beneath the lunar surface and sets off to find its origins with the help of HAL 9000, the world's most advanced super computer.",1968-04-02,8.0,12954,28.493,en,/ve72VxNqjGM69Uky4WTo2bK6rfq.jpg,/w5IDXtifKntw0ajv2co7jFlTQDM.jpg,"[878, 9648, 12]"
419430,Get Out,"Chris and his girlfriend Rose go upstate to visit her parents for the weekend. At first, Chris reads the family's overly accommodating behavior as nervous attempts to deal with their daughter's interracial relationship, but as the weekend progresses, a series of increasingly disturbing discoveries lead him to a truth that he never could have imagined.",2017-02-24,7.625,19356,27.5726,en,/tFXcEccSQMf3lfhfXKSU9iRBpa3.jpg,/bBQHALHRAaaORlPNXv7fNcRXYdx.jpg,"[9648, 53, 27]"
10020,Beauty and the Beast,"Follow the adventures of Belle, a bright young woman who finds herself in the castle of a prince who's been turned into a mysterious beast. With the help of the castle's enchanted staff, Belle soon learns the most important lesson of all -- that true beauty comes from within.",1991-10-22,7.725,10900,28.7831,en,/hUJ0UvQ5tgE2Z9WpfuduVSdiCiU.jpg,/fW4ZCoEZRBqLAJGFQ2g5AdAfPQR.jpg,"[10749, 10751, 16, 14]"
85,Raiders of the Lost Ark,"When Dr. Indiana Jones – the tweed-suited professor who just happens to be a celebrated archaeologist – is hired by the government to locate the legendary Ark of the Covenant, he finds himself up against the entire Nazi regime.",1981-06-12,7.927,14006,27.6092,en,/ceG9VzoRAVGwivFU403Wc3AHRys.jpg,/zPACwR32amTNvzId9qyapCWXYDJ.jpg,"[12, 28]"
1124,The Prestige,"A mysterious story of two magicians whose intense rivalry leads them on a life-long battle for supremacy -- full of obsession, deceit and jealousy with dangerous and deadly consequences.",2006-10-19,8.211,18148,28.4086,en,/Ag2B2KHKQPukjH7WutmgnnSNurZ.jpg,/yaExZh6qE2cfyK3o4kAMEq0mkgy.jpg,"[18, 9648, 878]"
101299,The Hunger Games: Catching Fire,"After surviving the Hunger Games, Katniss and Peeta struggle with the consequences of their victory as unrest spreads across Panem. Forced back into the spotlight, they become symbols of hope and resistance while the Capitol prepares a new and deadly challenge that will change the future of the nation forever.",2013-11-15,7.425,18794,29.4935,en,/vrQHDXjVmbYzadOXQ0UaObunoy2.jpg,/eHaazLxM5LRMh0ySkVy7SK6wUWt.jpg,"[12, 28, 878]"
41630,No Strings Attached,"Emma is a busy doctor who sets up a seemingly perfect arrangement when she offers her best friend Adam a relationship with one rule: No strings attached. But when a fling becomes a thing, can sex friends stay best friends?",2011-01-21,6.3,5076,33.1674,en,/9C09L1U9S13J4Ut029Qhu0oLcTQ.jpg,/rSEfKLHDZKiMQWsyJIfKr9D0CaC.jpg,"[35, 10749]"
823464,Godzilla x Kong: The New Empire,"Following their explosive showdown, Godzilla and Kong must reunite against a colossal undiscovered threat hidden within our world, challenging their very existence – and our own.",2024-03-27,7.039,4861,27.368,en,/z1p34vh7dEOnLDmyCrlUVLuoDzd.jpg,/gvLG3Fnznkxl4SmYfcK8gUuqxM8.jpg,"[28, 12, 878]"
1514026,Buddy,"A magical, singing orange unicorn holds his cast hostage in a surreal TV-show dimension, as he becomes more and more demented.",2026-08-27,7.794,63,29.5717,en,/szMG36D2cIxeQ7i5zRQbq0DnNDe.jpg,/ytoLEl5yDaxB8AtZ52uKWjaQ9ql.jpg,"[27, 35, 14]"
745,The Sixth Sense,"Following an unexpected tragedy, child psychologist Malcolm Crowe meets a nine year old boy named Cole Sear, who is hiding a dark secret.",1999-08-06,7.954,13330,29.5364,en,/vOyfUXNFSnaTk7Vk5AjpsKTUWsu.jpg,/6TjllWT3cGrPFyqDXurVZ3L8bBi.jpg,"[9648, 53, 18]"
9426,The Fly,"When brilliant, eccentric scientist Seth Brundle makes a huge technological breakthrough in teleportation, he decides to test it on himself. Unbeknownst to him, a common housefly manages to get inside the device and the two become one.",1986-08-15,7.4,5149,30.9855,en,/8gZWMhJHRvaXdXsNhERtqNHYpH3.jpg,/g1FzhbtWYKk9WMJYi1X26kf2Q4Q.jpg,"[27, 878]"
447277,The Little Mermaid,"The youngest of King Triton’s daughters, and the most defiant, Ariel longs to find out more about the world beyond the sea, and while visiting the surface, falls for the dashing Prince Eric. With mermaids forbidden to interact with humans, Ariel makes a deal with the evil sea witch, Ursula, which gives her a chance to experience life on land, but ultimately places her life – and her father’s crown – in jeopardy.",2023-05-18,6.25,3417,28.5645,en,/ym1dxyOk4jFcSl4Q2zmRrA5BEEN.jpg,/pbMbDlOAkVuvnxovBA2ENin59xH.jpg,"[12, 10751, 14, 10749]"
1035259,The Naked Gun,"Only one man has the particular set of skills... to lead Police Squad and save the world: Lt. Frank Drebin Jr. Following in his father's footsteps, he must solve a murder case to prevent Police Squad from closure.",2025-07-30,6.348,1987,28.5663,en,/rwla9vqzrKVVKVKiOuROTIXGsxj.jpg,/1wi1hcbl6KYqARjdQ4qrBWZdiau.jpg,"[35, 80, 28]"
1198994,Send Help,"Two colleagues become stranded on a deserted island, the only survivors of a plane crash. On the island, they must overcome past grievances and work together to survive, but ultimately, it's a battle of wills and wits to make it out alive.",2026-01-22,7.022,2312,28.7312,en,/zbJWVHOtj3ljBzWgL1P8pxP03Up.jpg,/hO2jx1H3XafR7Y8QbFgVH1sHTY9.jpg,"[27, 53, 35]"
1266127,Ready or Not: Here I Come,"Moments after surviving an all-out attack from the Le Domas family, Grace discovers she’s reached the next level of the nightmarish game — and this time with her estranged sister Faith at her side. Grace has one chance to survive, keep her sister alive, and claim the High Seat of the Council that controls the world. Four rival families are hunting her for the throne, and whoever wins rules it all.",2026-03-19,7.553,1648,29.9255,en,/13ZcJzSGEqVgDSqsS9U5EkQwPkV.jpg,/fx2cEuadZK28VHKkc0F1nFR96i0.jpg,"[27, 35]"
1489187,You Drive Me Crazy,"Alisa moves into a spacious apartment in St. Petersburg, where the mirror starts to malfunction, showing the young lodger a parallel reality of the same apartment. Only it is not Alisa who lives in this parallel reality, but the party animal Ivan. Will the young people be able to recognize true love and will they be able to unite their worlds in order to meet in reality and simply touch each other?",2025-10-09,7.781,32,28.7186,ru,/uk20xvDxx36RAOnYCy86yiUGFP8.jpg,/6QKDBQRFHe6aG7QflvG5NQV1zr3.jpg,"[35, 10749, 14]"
24,Kill Bill: Vol. 1,"An assassin is shot by her ruthless employer, Bill, and other members of their assassination circle – but she lives to plot her vengeance.",2003-10-10,7.97,19426,27.7459,en,/v7TaX8kXMXs5yFFGR41guUDNcnB.jpg,/iffzIhuLAO38Po6sh1s6ZEVwlNL.jpg,"[28, 80]"
1669051,Kesong Puti,"Have a taste of VMX Newest Temptation Apphle Celso. Lena, a Kesong Puti vendor, meets a charming dairy supplier Manny. Their chemistry sparks a daring secret that transforms her humble cheese into their town’s obsession.",2026-04-24,3.75,4,30.1599,tl,/8zYU8hlKR5111IToxXvv5575tZG.jpg,/a2PyqyjREwjnrjdJyJtHfSQOxyf.jpg,[18]
497698,Black Widow,"Natasha Romanoff, also known as Black Widow, confronts the darker parts of her ledger when a dangerous conspiracy with ties to her past arises. Pursued by a force that will stop at nothing to bring her down, Natasha must deal with her history as a spy and the broken relationships left in her wake long before she became an Avenger.",2021-07-07,7.148,11631,28.7551,en,/qAZ0pzat24kLdO3o8ejmbLxyOac.jpg,/keIxh0wPr2Ymj0Btjh4gW7JJ89e.jpg,"[28, 12, 878]"
359410,Road House,"Ex-UFC fighter Dalton takes a job as a bouncer at a Florida Keys roadhouse, only to discover that this paradise is not all it seems.",2024-03-08,6.941,3245,25.9602,en,/fDEdtS4P0gJsxHDIt8dG8TR5dx1.jpg,/clFFCapyGpE7KD4Jsu5pUbFBZF4.jpg,"[28, 53, 18]"
799583,The Ministry of Ungentlemanly Warfare,"During World War II, the British Army assigns a group of competent soldiers to carry out a mission against the Nazi forces behind enemy lines... A true story about a secret British WWII organization — the Special Operations Executive. Founded by Winston Churchill, their irregular warfare against the Germans helped to change the course of the war, and gave birth to modern black operations.",2024-04-18,6.998,2066,28.5431,en,/8aF0iAKH9MJMYAZdi0Slg77RYa2.jpg,/hm21I7yc6oYBogTloET3eXsVPlq.jpg,"[28, 35, 10752]"
957,Spaceballs,"When the nefarious Dark Helmet hatches a plan to snatch Princess Vespa and steal her planet's air, space-bum-for-hire Lone Starr and his clueless sidekick fly to the rescue. Along the way, they meet Yogurt, who puts Lone Starr wise to the power of ""The Schwartz."" Can he master it in time to save the day?",1987-06-24,6.89,3556,26.2007,en,/kNbaxEsnCyWBTfANVPHayujBsxp.jpg,/5j77rB8NRa7lXuu1Sgmm6wfgrzZ.jpg,"[35, 878]"
490132,Green Book,"Tony Lip, a bouncer in 1962, is hired to drive pianist Don Shirley on a tour through the Deep South in the days when African Americans, forced to find alternate accommodations and services due to segregation laws below the Mason-Dixon Line, relied on a guide called The Negro Motorist Green Book.",2018-11-16,8.225,13273,26.9852,en,/7BsvSuDQuoqhWmU2fL7W2GOcZHU.jpg,/5En0fmDagt3Pk8d7P3uTwfeQceg.jpg,"[18, 35, 36]"
3933,Corpse Bride,"In a 19th-century European village, a young man about to be married is whisked away to the underworld and wed to a mysterious corpse bride, while his real bride waits bereft in the land of the living.",2005-09-12,7.59,10428,28.4628,en,/3RAoVTxUk1OzZClscAsynuu670p.jpg,/v23fWgJUEt8EMmvn19btIacxP8E.jpg,"[10749, 14, 16]"
73861,A Serbian Film,"Retired porn star Milos leads a normal family life trying to make ends meet. Presented with the opportunity of a lifetime to financially support his family for the rest of their lives, Milos must participate in one last mysterious film. From then on, Milos is drawn into a maelstrom of unbelievable cruelty and mayhem.",2010-01-06,5.447,2275,27.1434,sr,/yIQqiw3Az5QYNHLCUoCTtxXH24G.jpg,/wa0UGYppc6uWOdVow4Ko2CG4jk9.jpg,"[80, 27, 53]"
402431,Wicked,"In the land of Oz, ostracized and misunderstood green-skinned Elphaba is forced to share a room with the popular aristocrat Glinda at Shiz University, and the two's unlikely friendship is tested as they begin to fulfill their respective destinies as Glinda the Good and the Wicked Witch of the West.",2024-10-16,6.905,3243,28.554,en,/xDGbZ0JJ3mYaGKy4Nzd9Kph6M9L.jpg,/w22GVYotTIVC1dUd58mRhwPqiS.jpg,"[18, 10749, 14]"
263115,Logan,"In the near future, a weary Logan cares for an ailing Professor X in a hideout on the Mexican border. But Logan's attempts to hide from the world and his legacy are upended when a young mutant arrives, pursued by dark forces.",2017-02-28,7.82,20856,26.6486,en,/fnbjcRDYn6YviCcePDnGdyAkYsB.jpg,/4DZxWNSAyksN6N3JkvpJ53Yq6zU.jpg,"[28, 18, 878]"
616037,Thor: Love and Thunder,"After his retirement is interrupted by Gorr the God Butcher, a galactic killer who seeks the extinction of the gods, Thor Odinson enlists the help of King Valkyrie, Korg, and ex-girlfriend Jane Foster, who now wields Mjolnir as the Mighty Thor. Together they embark upon a harrowing cosmic adventure to uncover the mystery of the God Butcher’s vengeance and stop him before it’s too late.",2022-07-06,6.358,8965,27.9274,en,/pIkRyD18kl4FhoCNQuWxWu5cBLM.jpg,/jsoz1HlxczSuTx0mDl2h0lxy36l.jpg,"[14, 28, 35]"
949,Heat,Obsessive master thief Neil McCauley leads a top-notch crew on various daring heists throughout Los Angeles while determined detective Vincent Hanna pursues him without rest. Each man recognizes and respects the ability and the dedication of the other even though they are aware their cat-and-mouse game may end in violence.,1995-12-15,7.944,8701,25.58,en,/umSVjVdbVwtx5ryCA2QXL44Durm.jpg,/uI22JkEMediWyiRqhllNqeeGtW0.jpg,"[80, 18, 28]"
87513,Motor City,"In 1970s Detroit, John Miller falls for a local gangster's girl and lands in prison for a crime he didn't commit. With his life ruined, Miller plots revenge against the man who took his girl away.",2026-07-23,6.25,118,30.0529,en,/rKws4iqKhrzWHVLHnwtMnCpEHhF.jpg,/l7asYmqOad01F2u0oCMM8nQjoEP.jpg,"[28, 53, 80]"
10625,Mean Girls,"Cady Heron is a hit with The Plastics, the A-list girl clique at her new school, until she makes the mistake of falling for Aaron Samuels, the ex-boyfriend of alpha Plastic Regina George.",2004-04-30,7.229,9676,28.326,en,/2ZkuQXvVhh45uSvkBej4S7Ix1NJ.jpg,/nP3y0TkR6XniFs9J53qQkg4Bnnk.jpg,"[18, 35]"
9489,You've Got Mail,Book superstore magnate Joe Fox and independent book shop owner Kathleen Kelly fall in love in the anonymity of the Internet—both blissfully unaware that he's trying to put her out of business.,1998-12-18,6.711,3754,32.131,en,/rJLUSpmdxSMqqEsyzeCni3vy1ca.jpg,/9lYpkcO7WuruOXB2mn8ppC6Ecaq.jpg,"[35, 10749]"
749170,Heads of State,"The UK Prime Minister and US President have a public rivalry that risks their countries' alliance. But when they become targets of a powerful enemy, they're forced to rely on each other as they go on a wild, multinational run. Allied with Noel, a brilliant MI6 agent, they must find a way to thwart a conspiracy that threatens the free world.",2025-06-24,6.827,1147,28.273,en,/lVgE5oLzf7ABmzyASEVcjYyHI41.jpg,/vJbEUMeI2AxBUZKjP6ZVeVNNTLh.jpg,"[28, 53, 35]"
566525,Shang-Chi and the Legend of the Ten Rings,Shang-Chi must confront the past he thought he left behind when he is drawn into the web of the mysterious Ten Rings organization.,2021-09-01,7.485,10749,27.63,en,/9f2Q0U3IOsLgrI2HkvldwSABZy5.jpg,/r7K6Xt0RX4Mw0cAbZVw5cyb1Tux.jpg,"[28, 12, 14]"
93456,Despicable Me 2,Gru is recruited by the Anti-Villain League to help deal with a powerful new super criminal.,2013-06-26,6.9,12240,26.9017,en,/5Fh4NdoEnCjCK9wLjdJ9DJNFl2b.jpg,/uD267eSiACfWLxp47t3gYymOQRj.jpg,"[16, 35, 10751, 878]"
913290,Barbarian,"In town for a job interview, a young woman arrives at her Airbnb late at night only to find that it has been mistakenly double-booked and a strange man is already staying there. Against her better judgement, she decides to stay the night anyway.",2022-08-29,6.878,3525,27.2863,en,/idT5mnqPcJgSkvpDX7pJffBzdVH.jpg,/kSeU4uk19t82k6Cao7hc6ktDYhF.jpg,"[27, 9648, 53]"
1244492,Look Back,"Popular, outgoing Fujino is celebrated by her classmates for her funny comics in the class newspaper. One day, her teacher asks her to share the space with Kyomoto, a truant recluse whose beautiful artwork sparks a competitive fervor in Fujino. What starts as jealousy transforms when Fujino realizes their shared passion for drawing.",2024-06-28,8.2,672,30.0552,ja,/4f2EcNkp1Mvp9wE5w7HKxcmACWg.jpg,/2okfik8YwzSfdETpT5cUClSiGFO.jpg,"[16, 18]"
10195,Thor,"Against his father Odin's will, The Mighty Thor - a powerful but arrogant warrior god - recklessly reignites an ancient war. Thor is cast down to Earth and forced to live among humans as punishment. Once here, Thor learns what it takes to be a true hero when the most dangerous villain of his world sends the darkest forces of Asgard to invade Earth.",2011-04-21,6.772,22824,29.4671,en,/prSfAi1xGrhLQNxVSUFh61xQ4Qy.jpg,/cDJ61O1STtbWNBwefuqVrRe3d7l.jpg,"[12, 14, 28]"
78,Blade Runner,"In the smog-choked dystopian Los Angeles of 2019, blade runner Rick Deckard is called out of retirement to terminate a quartet of replicants who have escaped to Earth seeking their creator for a way to extend their short life spans.",1982-06-25,7.936,15422,26.801,en,/63N9uy8nd9j7Eog2axPQ8lbr3Wj.jpg,/2spEHYDcyE9r9mS7AFEscfKVDzO.jpg,"[878, 18, 53]"
49521,Man of Steel,"A young boy learns that he has extraordinary powers and is not of this earth. As a young man, he journeys to discover where he came from and what he was sent here to do. But the hero in him must emerge if he is to save the world from annihilation and become the symbol of hope for all mankind.",2013-06-12,6.66,16615,27.0502,en,/8GFtkImmK0K1VaUChR0n9O61CFU.jpg,/69EFgWWPFWbRNHmQgYdSnyJ94Ge.jpg,"[28, 12, 878]"
1433583,The Weight,"When Samuel is torn from his daughter and sent to a brutal prison, Warden Clancy offers him a high-stakes proposition: smuggle gold out of a remote mine with a dangerous crew of prisoners and he’ll win his freedom.",2026-09-16,6.7,17,29.8089,pt,/8i5iZV50CoEtmDCFM7RSxCkpE8h.jpg,/zLeq2fbHU6UdA7mhsYnIULORTgq.jpg,"[18, 53, 80]"
9502,Kung Fu Panda,"Chosen by prophecy but doubted by all, Po is an unlikely choice for the mystical title of the Dragon Warrior—a clumsy panda thrust into the world of kung fu as a deadly enemy threatens the Valley of Peace. Under reluctant guidance by Master Shifu and the Furious Five, Po must embrace who he is to unlock the power that no scroll can teach.",2008-06-04,7.339,13008,27.909,en,/wWt4JYXTg5Wr3xBW2phBrMKgp3x.jpg,/qdthf9WrRDSaIkGVQGhhJ9pz1hn.jpg,"[28, 16, 35, 10751]"
713704,Evil Dead Rise,"A reunion between two estranged sisters gets cut short by the rise of flesh-possessing demons, thrusting them into a primal battle for survival as they face the most nightmarish version of family imaginable.",2023-04-12,6.964,4001,27.2534,en,/5ik4ATKmNtmJU6AYD0bLm56BCVM.jpg,/7bWxAsNPv9CXHOhZbJVlj2KxgfP.jpg,"[27, 53]"
822653,Puella Magi Madoka Magica the Movie -Walpurgisnacht: Rising-,"After the events of Rebellion, the world appears to be in balance—but that peace is fragile. As a new threat connected to Walpurgisnacht emerges, Homura Akemi is forced to face the consequences of her choices and question how far she is willing to go to protect Madoka.",2026-08-28,9.0,2,27.1888,ja,/g4kCd4rMuN7G3VQQDUT6mLbrBqQ.jpg,/xzm3RfWh932rS28WErNC3u8qzVm.jpg,"[16, 18, 9648, 14]"
508947,Turning Red,"Thirteen-year-old Mei is experiencing the awkwardness of being a teenager with a twist – when she gets too excited, she transforms into a giant red panda.",2022-03-10,7.329,6046,29.3449,en,/qsdjk9oAKSQMWs0Vt5Pyfh6O4GZ.jpg,/fOy2Jurz9k6RnJnMUMRDAgBwru2.jpg,"[16, 10751, 35, 14]"
7518,Over the Hedge,"A scheming raccoon fools a mismatched family of forest creatures into helping him repay a debt of food, by invading the new suburban sprawl that popped up while they were hibernating – and learns a lesson about family himself.",2006-05-17,6.61,4984,27.4659,en,/jtZnymorbnHY7mOiBXR14ZDJseM.jpg,/reK7SgAFlyxg3s9R7neh6M970kh.jpg,"[12, 16, 35, 10751]"
1446474,Revenge of the Boogeyman,"A group of friends take their recently sober friend, to the remote Hills to help him stay clean. But when eerie events unfold and people start disappearing, they must question whether it's the Boogeyman or their own unraveling minds.",2025-03-18,5.4,5,26.9266,en,/rvZyPnCAKif1MmWTckGbu2zzPMW.jpg,/sJI1I2bDZTaPHmhzqGWdikyFjJq.jpg,"[27, 35]"
1380417,By Any Means,"In 1960s Mississippi, a young Black FBI agent is forced to partner with a notorious mafia hitman to investigate a wave of brutal civil rights murders.",2026-09-02,7.705,22,27.2283,en,/f4hdIed8vh10O8TkQ1CkHS8MQ3G.jpg,/eAouIDoMDhLetm6CtmDKIGEaaCi.jpg,"[36, 80, 18]"
698687,Transformers One,"The untold origin story of Optimus Prime and Megatron, better known as sworn enemies, but once were friends bonded like brothers who changed the fate of Cybertron forever.",2024-09-11,7.975,1773,26.0733,en,/iRCgqpdVE4wyLQvGYU3ZP7pAtUc.jpg,/cMfokHWle5lfCreoV08cbmkKv6G.jpg,"[16, 878, 12, 10751]"
667538,Transformers: Rise of the Beasts,"When a new threat capable of destroying the entire planet emerges, Optimus Prime and the Autobots must team up with a powerful faction known as the Maximals. With the fate of humanity hanging in the balance, humans Noah and Elena will do whatever it takes to help the Transformers as they engage in the ultimate battle to save Earth.",2023-06-06,7.163,5428,27.0006,en,/gPbM0MK8CP8A174rmUwGsADNYKD.jpg,/2vFuG6bWGyQUzYS9d69E5l85nIz.jpg,"[878, 12, 28]"
1339588,Finding Emily,"When a lovesick musician is given the wrong number for his dream girl, he teams up with a driven psychology student to find her. Together, they spark a hilarious campus-wide frenzy that tests their own hearts and ambitions along the way.",2026-05-21,6.8,59,26.1982,en,/bfEQ6C702oPsN4kzIiY7n4JsrxF.jpg,/7Ja28gO6OwncmCA94q2qPyeRrsA.jpg,"[10749, 35]"
578,Jaws,"When the seaside community of Amity finds itself under attack by a dangerous great white shark, the town's chief of police, a young marine biologist, and a grizzled shark hunter embark on a desperate quest to kill the beast before it strikes again.",1975-06-20,7.686,11873,26.7654,en,/lxM6kqilAdpdhqUl2biYp5frUxE.jpg,/i1yf91svRHX45l9BXL8rVFzLoPH.jpg,"[27, 53, 12]"
687259,Ghost Stories,,1982-01-01,6.2,2,30.9897,zh,/m4ALMhsuqOOUkkABvgQWfrgoL8y.jpg,,[27]
572802,Aquaman and the Lost Kingdom,"Black Manta seeks revenge on Aquaman for his father's death. Wielding the Black Trident's power, he becomes a formidable foe. To defend Atlantis, Arthur (Aquaman) forges an alliance with his imprisoned brother. They must protect the kingdom.",2023-12-20,6.499,3670,27.7236,en,/7lTnXOy0iNtBAdRP3TZvaKJ77F6.jpg,/bckxSN9ueOgm0gJpVJmPQrecWul.jpg,"[28, 12, 14]"
9479,The Nightmare Before Christmas,"Tired of scaring humans every October 31 with the same old bag of tricks, Jack Skellington, the spindly king of Halloween Town, kidnaps Santa Claus and plans to deliver shrunken heads and other ghoulish gifts to children on Christmas morning. But as Christmas approaches, Jack's rag-doll girlfriend, Sally, tries to foil his misguided plans.",1993-10-09,7.84,10611,30.1206,en,/oQffRNjK8e19rF7xVYEN8ew0j7b.jpg,/dSfrsjhqC6lYe7LYDYnzWeXZmEl.jpg,"[14, 16, 10751]"
77338,The Intouchables,A true story of two men who should never have met – a quadriplegic aristocrat who was injured in a paragliding accident and a young man from the projects.,2011-11-02,8.272,18835,27.3332,fr,/1QU7HKgsQbGpzsJbJK4pAVQV9F5.jpg,/q6OGlZ1KMEb14AC8KbPCxyNOal6.jpg,"[18, 35]"
260513,Incredibles 2,"Elastigirl springs into action to save the day, while Mr. Incredible faces his greatest challenge yet – taking care of the problems of his three children.",2018-06-14,7.454,13955,26.7999,en,/9lFKBtaVIhP7E2Pk0IY1CwTKTMZ.jpg,/mabuNsGJgRuCTuGqjFkWe1xdu19.jpg,"[28, 12, 16, 10751]"
772,Home Alone 2: Lost in New York,"Instead of flying to Florida with his folks, Kevin ends up alone in New York, where he gets a hotel room with his dad's credit card—despite problems from a clerk and meddling bellboy. But when Kevin runs into his old nemeses, the Wet Bandits, he's determined to foil their plans to rob a toy store on Christmas Eve.",1992-11-15,6.793,10907,25.7095,en,/uuitWHpJwxD1wruFl2nZHIb4UGN.jpg,/8fnYJPoXxwAN4valDLgz2whMGTH.jpg,"[35, 10751, 12]"
926393,The Equalizer 3,"Robert McCall finds himself at home in Southern Italy but he discovers his friends are under the control of local crime bosses. As events turn deadly, McCall knows what he has to do: become his friends' protector by taking on the mafia.",2023-08-30,7.294,3918,26.6931,en,/b0Ej6fnXAP8fK75hlyi2jKqdhHz.jpg,/gystuaqp5AkVqqu3Nf0564zeOv4.jpg,"[28, 53, 80]"
1175942,The Bad Guys 2,"The now-reformed Bad Guys are trying (very, very hard) to be good, but instead find themselves hijacked into a high-stakes, globe-trotting heist, masterminded by a new team of criminals they never saw coming: The Bad Girls.",2025-07-24,7.631,902,27.4961,en,/26oSPnq0ct59l07QOXZKyzsiRtN.jpg,/jvpkBenB6hv19WWYVlaiow8zklq.jpg,"[10751, 35, 80, 12, 16, 28]"
259316,Fantastic Beasts and Where to Find Them,"In 1926, Newt Scamander arrives at the Magical Congress of the United States of America with a magically expanded briefcase, which houses a number of dangerous creatures and their habitats. When the creatures escape from the briefcase, it sends the American wizarding authorities after Newt, and threatens to strain even further the state of magical and non-magical relations.",2016-11-16,7.308,20000,27.2191,en,/h6NYfVUyM6CDURtZSnBpz647Ldd.jpg,/8Qsr8pvDL3s1jNZQ4HK1d1Xlvnh.jpg,"[14, 12]"
10144,The Little Mermaid,This colorful adventure tells the story of an impetuous mermaid princess named Ariel who falls in love with the very human Prince Eric and puts everything on the line for the chance to be with him. Memorable songs and characters -- including the villainous sea witch Ursula.,1989-11-17,7.4,8570,25.6049,en,/plcZXvI310FkbwIptvd6rqk63LP.jpg,/qGZXYHvWR1TYOU9raCaEABrj9m7.jpg,"[16, 10751, 14]"
1318621,Descendants: Wicked Wonderland,"Now that the Queen of Hearts is nice and Cinderella is safe, things seem perfect for Red and Chloe… But little do they know that changing the past created a new villain — Maddox Hatter. When Maddox captures the Queen of Hearts, Red and Chloe must work alongside Red’s new sister Pink, Luisa Madrigal’s son Luis, and Maddox’s son Max to save her and Wonderland.",2026-07-16,7.5,182,25.9638,en,/xdhLAADGSse8KCrsDLBuM5b68Cg.jpg,/qlfqDJ9Piv5ufzYA8j2319mwKZU.jpg,"[14, 10770, 10751, 12]"
281957,The Revenant,"In the 1820s, a frontiersman, Hugh Glass, sets out on a path of vengeance against those who left him for dead after a bear mauling.",2015-12-25,7.541,19724,27.4438,en,/ji3ecJphATlVgWNY0B0RVXZizdf.jpg,/hEQYZq2CDB2LSJVxxlazdBOKeyW.jpg,"[37, 18, 12]"
146233,Prisoners,"After his six-year-old daughter is abducted, a desperate father takes justice into his own hands when he loses faith in the detective leading the investigation, setting both men on a collision course as the search descends into obsession and moral compromise.",2013-09-19,8.105,13514,25.4189,en,/uhviyknTT5cEQXbn6vWIqfM4vGm.jpg,/3RFmTz5h2UuFWEV4oH00XICBR9y.jpg,"[18, 53, 80]"
372058,Your Name.,"High schoolers Mitsuha and Taki are complete strangers living separate lives. But one night, they suddenly switch places. Mitsuha wakes up in Taki’s body, and he in hers. This bizarre occurrence continues to happen randomly, and the two must adjust their lives around each other.",2016-07-01,8.487,13011,27.1476,ja,/vfJFJPepRKapMd5G2ro7klIRysq.jpg,/mMtUybQ6hL24FXo0F3Z4j2KG7kZ.jpg,"[16, 10749, 18]"
76338,Thor: The Dark World,"Thor fights to restore order across the cosmos… but an ancient race led by the vengeful Malekith returns to plunge the universe back into darkness. Faced with an enemy that even Odin and Asgard cannot withstand, Thor must embark on his most perilous and personal journey yet, one that will reunite him with Jane Foster and force him to sacrifice everything to save us all.",2013-10-30,6.508,18742,28.5862,en,/wp6OxE4poJ4G7c0U2ZIXasTSMR7.jpg,/5o88bbqcV5STn56jqOeovaaWbAE.jpg,"[28, 12, 14]"
977942,The Uprising,"As war and plague devastate 14th-century England, a humble peasant ignites a rebellion, uniting an army of commoners to defy the King’s might in a desperate fight for justice and survival.",2026-09-10,7.0,15,31.4882,en,/7TUl15TOsIvndKlgMWTtLgtEzZP.jpg,/4YyuSadBoc5k6krj0REcYH15DXG.jpg,"[28, 36, 18]"
278154,Ice Age: Collision Course,"Set after the events of Continental Drift, Scrat's epic pursuit of his elusive acorn catapults him outside of Earth, where he accidentally sets off a series of cosmic events that transform and threaten the planet. To save themselves from peril, Manny, Sid, Diego, and the rest of the herd leave their home and embark on a quest full of thrills and spills, highs and lows, laughter and adventure while traveling to exotic new lands and locations.",2016-06-23,6.121,4989,27.9191,en,/tFzUkdhPOForVrEfvxydXfPLrZR.jpg,/wQoe0j7ZDk7LWexC0XhwkK4brIb.jpg,"[12, 16, 10751, 35, 878]"
1430077,Hokum,"When novelist Ohm Bauman retreats to a remote inn to scatter his parents' ashes, he is consumed by tales of a witch haunting the honeymoon suite. Disturbing visions and a shocking disappearance forces him to confront dark corners of his past.",2026-04-29,6.852,875,24.9875,en,/x6rHcQFiYcczLQPrmxXPAicm54E.jpg,/qY7zVZ7liULhfRoXg4c9Xl83LcR.jpg,"[27, 53]"
614479,Insidious: The Red Door,"To put their demons to rest once and for all, Josh Lambert and a college-aged Dalton Lambert must go deeper into The Further than ever before, facing their family's dark past and a host of new and more horrifying terrors that lurk behind the red door.",2023-07-05,6.528,2111,25.5584,en,/d07phJqCx6z5wILDYqkyraorDPi.jpg,/i2GVEvltEu3BXn5crBSxgKuTaca.jpg,"[27, 53]"
1084187,Pretty Lethal,A troupe of ballerinas find themselves fighting for survival as they attempt to escape from a remote inn after their bus breaks down on the way to a dance competition.,2026-03-13,6.788,501,26.8065,en,/znTPnXCK3lEQJgqXCvP7e5FUz6f.jpg,/z3bzhmC0CPikWeerUkLO73YvGrC.jpg,"[28, 53, 27]"
61823,The Ape Woman,A modest Neapolitan man meets a young woman with excessive hairiness. He exhibits her at fairs and marries her. It is after marriage that he receives a tempting offer from a French manager.,1964-01-31,7.262,63,31.6198,it,/38avfcyrLqAzWE19jIpTnoQATZD.jpg,/guDyp7hs2Klr31E6A4agyvThAOy.jpg,"[18, 35]"
118,Charlie and the Chocolate Factory,"A young boy wins a tour through the most magnificent chocolate factory in the world, led by the world's most unusual candy maker.",2005-07-13,7.037,16398,25.5806,en,/iKP6wg3c6COUe8gYutoGG7qcPnO.jpg,/atoIgfAk2Ig2HFJLD0VUnjiPWEz.jpg,"[12, 35, 10751, 14]"
57158,The Hobbit: The Desolation of Smaug,"The Dwarves, Bilbo and Gandalf have successfully escaped the Misty Mountains, and Bilbo has gained the One Ring. They all continue their journey to get their gold back from the Dragon, Smaug.",2013-12-11,7.579,14592,27.2946,en,/xQYiXsheRCDBA39DOrmaw1aSpbk.jpg,/5ZYxL6k4ZHrEmrFvmY4HZVzerxG.jpg,"[14, 12, 28]"
609681,The Marvels,"When her duties send her to an anomalous wormhole linked to a Kree revolutionary, Carol's powers become entangled with that of Jersey City super-fan Kamala Khan, aka Ms. Marvel, and Carol's estranged niece, now S.A.B.E.R. astronaut Captain Monica Rambeau. Together, this unlikely trio must team up and learn to work in concert to save the universe.",2023-11-08,5.909,3648,26.1248,en,/9GBhzXMFjgcZ3FdR9w3bUMMTps5.jpg,/feSiISwgEpVzR1v3zv2n2AU4ANJ.jpg,"[878, 12, 28]"
1011985,Kung Fu Panda 4,"Po is gearing up to become the spiritual leader of his Valley of Peace, but also needs someone to take his place as Dragon Warrior. As such, he will train a new kung fu practitioner for the spot and will encounter a villain called the Chameleon who conjures villains from the past.",2024-03-02,6.994,3689,26.6576,en,/kDp1vUBnMpe8ak4rjgl3cLELqjU.jpg,/3ffPx9jqg0yj9y1KWeagT7D20CB.jpg,"[16, 35, 12, 28, 10751]"
57800,Ice Age: Continental Drift,"Manny, Diego, and Sid embark upon another adventure after their continent is set adrift. Using an iceberg as a ship, they encounter sea creatures and battle pirates as they explore a new world.",2012-06-27,6.394,8279,26.7738,en,/dfp1BZF7FxbBUyzHvMOI9t8NWDD.jpg,/scLQDnf1m2AqEEQSjAEdMRD6K9I.jpg,"[16, 35, 12, 10751]"
679,Aliens,"Ripley, the sole survivor of the Nostromo's deadly encounter with the monstrous Alien, returns to Earth after drifting through space in hypersleep for 57 years. Although her story is initially met with skepticism, she agrees to accompany a team of Colonial Marines back to LV-426.",1986-07-18,7.965,11197,24.9714,en,/r1x5JGpyqZU8PYhbs4UcrO1Xb6x.jpg,/4kix6fAblJIH6eMs0Ku2loyZJXK.jpg,"[28, 53, 878]"
170,28 Days Later,"Twenty-eight days after a killer virus was accidentally unleashed from a British research facility, a small group of London survivors are caught in a desperate struggle to protect themselves from the infected. Carried by animals and humans, the virus turns those it infects into homicidal maniacs -- and it's absolutely impossible to contain.",2002-10-31,7.245,8884,25.4112,en,/sQckQRt17VaWbo39GIu0TMOiszq.jpg,/aJFwk1clMal1prxAvKAgHxKPAf.jpg,"[27, 53, 878]"
297802,Aquaman,"Half-human, half-Atlantean Arthur Curry is taken on the journey of his lifetime to discover if he is worth of being a king.",2018-12-07,6.863,15221,25.0673,en,/ufl63EFcc5XpByEV2Ecdw6WJZAI.jpg,/9QusGjxcYvfPD1THg6oW3RLeNn7.jpg,"[28, 12, 14]"
345887,The Equalizer 2,"Robert McCall, who serves an unflinching justice for the exploited and oppressed, embarks on a relentless, globe-trotting quest for vengeance when his former partner is murdered.",2018-07-19,6.796,6160,24.0188,en,/cQvc9N6JiMVKqol3wcYrGshsIdZ.jpg,/z7noaCJ4KtmhwHw7QcNtnMMo4Qy.jpg,"[28, 53, 80]"
1625673,Blood Covenant,"A horror writer, drowning in debt and on the verge of collapse, desperately performs a ritual to summon a demon who promises to deliver the stories he can no longer write. The pact works, but at a terrible price.",2026-05-26,5.5,2,25.3953,en,/1lskMEArKsp7pzQck90q6ttXAbn.jpg,/fI6VKNrW4YFi6TBCM2Ekngyi1Q1.jpg,[27]
458156,John Wick: Chapter 3 - Parabellum,"Super-assassin John Wick returns with a $14 million price tag on his head and an army of bounty-hunting killers on his trail. After killing a member of the shadowy international assassin’s guild, the High Table, John Wick is excommunicado, but the world’s most ruthless hit men and women await his every turn.",2019-05-15,7.438,12089,25.6485,en,/ziEuG1essDuWuC5lpWUaw1uXY2O.jpg,/vVpEOvdxVBP2aV166j5Xlvb5Cdc.jpg,"[28, 53, 80]"
792307,Poor Things,"Brought back to life by an unorthodox scientist, a young woman runs off with a lawyer on a whirlwind adventure across the continents. Free from the prejudices of her times, she grows steadfast in her purpose to stand for equality and liberation.",2023-12-07,7.63,5757,25.4216,en,/kCGlIMHnOm8JPXq3rXM6c5wMxcT.jpg,/zh6IdheEYinU4TPtorWsjx6qPQE.jpg,"[878, 10749, 35]"
953,Madagascar,Four animal friends get a taste of the wild life when they break out of captivity at the Central Park Zoo and wash ashore on the island of Madagascar.,2005-05-25,6.9,12017,24.9452,en,/zMpJY5CJKUufG9OTw0In4eAFqPX.jpg,/tPaurpIUskVji5vwV0dhy9pq4Vs.jpg,"[12, 16, 35, 10751]"
640146,Ant-Man and the Wasp: Quantumania,"Super-Hero partners Scott Lang and Hope van Dyne, along with with Hope's parents Janet van Dyne and Hank Pym, and Scott's daughter Cassie Lang, find themselves exploring the Quantum Realm, interacting with strange new creatures and embarking on an adventure that will push them beyond the limits of what they thought possible.",2023-02-15,6.214,6107,25.0379,en,/qnqGbB22YJ7dSs4o6M7exTpNxPz.jpg,/m8JTwHFwX7I7JY5fPe4SjqejWag.jpg,"[28, 12, 878]"
744,Top Gun,"For Lieutenant Pete 'Maverick' Mitchell and his friend and co-pilot Nick 'Goose' Bradshaw, being accepted into an elite training school for fighter pilots is a dream come true. But a tragedy, as well as personal demons, will threaten Pete's dreams of becoming an ace pilot.",1986-05-16,7.072,9920,23.7708,en,/xUuHj3CgmZQ9P2cMaqQs4J0d4Zc.jpg,/dBgxEkWe17R0AJDAvAhpeVELQx2.jpg,"[28, 18, 10749]"
38,Eternal Sunshine of the Spotless Mind,"Joel Barish, heartbroken that his girlfriend underwent a procedure to erase him from her memory, decides to do the same. However, as he watches his memories of her fade away, he realises that he still loves her, and may be too late to correct his mistake.",2004-03-19,8.089,16753,25.6149,en,/5MwkWH9tYHv3mV9OdYTMR5qreIz.jpg,/W1ffLQGHoxfAOq0ZYdPtJlvAdb.jpg,"[878, 18, 10749]"
10191,How to Train Your Dragon,"As the son of a Viking leader on the cusp of manhood, shy Hiccup Horrendous Haddock III faces a rite of passage: he must kill a dragon to prove his warrior mettle. But after downing a feared dragon, he realizes that he no longer wants to destroy it, and instead befriends the beast – which he names Toothless – much to the chagrin of his warrior father.",2010-03-18,7.867,14740,26.6767,en,/ygGmAO60t8GyqUo9xYeYxSZAR3b.jpg,/59vDC1BuEQvti24OMr0ZvtAK6R1.jpg,"[14, 12, 16, 10751]"
181812,Star Wars: The Rise of Skywalker,"The surviving Resistance faces the First Order once again as the journey of Rey, Finn and Poe Dameron continues. With the power and knowledge of generations behind them, the final battle begins.",2019-12-18,6.249,11160,25.5819,en,/db32LaOibwEliAmSL2jjDF6oDdj.jpg,/auJKGst3vXpJozHZh4nMFs0xWIU.jpg,"[12, 28, 878]"
508442,Soul,"Joe Gardner is a middle school teacher with a love for jazz music. After a successful audition at the Half Note Club, he suddenly gets into an accident that separates his soul from his body and is transported to the You Seminar, a center in which souls develop and gain passions before being transported to a newborn child. Joe must enlist help from the other souls-in-training, like 22, a soul who has spent eons in the You Seminar, in order to get back to Earth.",2020-12-25,8.088,11745,24.2577,en,/hm58Jw4Lw8OIeECIq5qyPYhAeRJ.jpg,/rQaHA74pevnGsxcKGaoZVGWe9TC.jpg,"[16, 10751, 18, 10402, 14]"
562,Die Hard,"High above the city of L.A. a team of terrorists has seized a building, taken hostages, and declared war. One man has manages to escape... An off-duty cop hiding somewhere inside. He's alone, tired... and the only chance anyone has got.",1988-07-15,7.816,12656,25.3746,en,/7Bjd8kfmDSOzpmhySpEhkUyK2oH.jpg,/bvk2AAH64lP2YZs02Q3jskfHT8j.jpg,"[28, 53]"
4348,Pride & Prejudice,"A story of love and life among the landed English gentry during the Georgian era. Mr. Bennet is a gentleman living in Hertfordshire with his overbearing wife and five daughters, but if he dies their house will be inherited by a distant cousin whom they have never met, so the family's future happiness and security is dependent on the daughters making good marriages.",2005-09-16,8.051,8957,26.3324,en,/o8UhmEbWPHmTUxP0lMuCoqNkbB3.jpg,/1Onam6oWyFAUCcoxtdWkACtEiNr.jpg,"[18, 10749]"
1368,First Blood,"When former Green Beret John Rambo is harassed by local law enforcement and arrested for vagrancy, he is forced to flee into the mountains and wage an escalating one-man war against his pursuers.",1982-10-22,7.519,7107,26.177,en,/a9sa6ERZCpplbPEO7OMWE763CLD.jpg,/hCxxOJojCUFyuahDx167glJgp7E.jpg,"[28, 53, 18]"
675353,Sonic the Hedgehog 2,"After settling in Green Hills, Sonic is eager to prove he has what it takes to be a true hero. His test comes when Dr. Robotnik returns, this time with a new partner, Knuckles, in search for an emerald that has the power to destroy civilizations. Sonic teams up with his own sidekick, Tails, and together they embark on a globe-trotting journey to find the emerald before it falls into the wrong hands.",2022-03-30,7.417,6024,24.5616,en,/6DrHO1jr3qVrViUO6s6kFiAGM7.jpg,/xuLA0pii2IMJW2puT7EvJtgpg0H.jpg,"[28, 12, 10751, 35]"
791373,Zack Snyder's Justice League,"Determined to ensure Superman's ultimate sacrifice was not in vain, Bruce Wayne aligns forces with Diana Prince with plans to recruit a team of metahumans to protect the world from an approaching threat of catastrophic proportions.",2021-03-18,8.074,11151,24.8941,en,/tnAuB8q5vv7Ax9UAEje5Xi4BXik.jpg,/9WoLTsRgrupkvCgs3bhsl2EjLhs.jpg,"[28, 12, 14]"
1487861,Elize: Shadows of a Woman,"In this retelling of a real case, a former escort discovers her wealthy husband's infidelity and struggles to cope as betrayal poisons their marriage.",2026-07-22,7.549,213,26.5145,pt,/l3wevYWTpiZSUEM5B0Q8c21ALAD.jpg,/z8mTDyKdAWjKsD0vwa7e9LTSY1j.jpg,"[53, 80, 18]"
141052,Justice League,"Fuelled by his restored faith in humanity and inspired by Superman's selfless act, Bruce Wayne and Diana Prince assemble a team of metahumans consisting of Barry Allen, Arthur Curry and Victor Stone to face the catastrophic threat of Steppenwolf and the Parademons who are on the hunt for three Mother Boxes on Earth.",2017-11-15,6.067,13947,25.9678,en,/eifGNCSDuxJeS1loAXil5bIGgvC.jpg,/2nyaeISu2xIxIgZYNpX4UayY8PN.jpg,"[28, 12, 878]"
550988,Free Guy,"A bank teller discovers he is actually a background player in an open-world video game, and decides to become the hero of his own story. Now, in a world where there are no limits, he is determined to be the guy who saves his world his way before it's too late.",2021-08-11,7.434,10185,25.3497,en,/dxraF0qPr1OEgJk17ltQTO84kQF.jpg,/rOJb0yQOCny0bPjg8bCLw8DyAD7.jpg,"[35, 12, 878]"
500,Reservoir Dogs,"A botched robbery indicates a police informant, and the pressure mounts in the aftermath at a warehouse. Crime begets violence as the survivors -- veteran Mr. White, newcomer Mr. Orange, psychopathic parolee Mr. Blonde, bickering weasel Mr. Pink and Nice Guy Eddie -- unravel.",1992-09-02,8.111,15834,25.1492,en,/xi8Iu6qyTfyZVDVy60raIOYJJmk.jpg,/jwt159hXWA9Q5xpBo8hWb3zwLi7.jpg,"[80, 53]"
102899,Ant-Man,"Armed with the astonishing ability to shrink in scale but increase in strength, master thief Scott Lang must embrace his inner-hero and help his mentor, Doctor Hank Pym, protect the secret behind his spectacular Ant-Man suit from a new generation of towering threats. Against seemingly insurmountable obstacles, Pym and Lang must plan and pull off a heist that will save the world.",2015-07-14,7.067,21270,25.6789,en,/rQRnQfUl3kfp78nCWq8Ks04vnq1.jpg,/1K3JmSNUN8OpjYsCjc0Hy0SYxAb.jpg,"[878, 12, 28]"
49018,Insidious,"A family discovers that dark spirits have invaded their home after their son inexplicably falls into an endless sleep. When they reach out to a professional for help, they learn things are a lot more personal than they thought.",2011-03-31,6.958,7610,24.4062,en,/tmlDFIUpGRKiuWm9Ixc6CYDk4y0.jpg,/tJvRdhlkonjBLBUpTqp0RPPujxJ.jpg,"[27, 53]"
140607,Star Wars: The Force Awakens,"Thirty years after defeating the Galactic Empire, Han Solo and his allies face a new threat from the evil Kylo Ren and his army of Stormtroopers.",2015-12-15,7.2,20927,25.1786,en,/wqnLdwVXoBjKibFRR5U3y0aDUhs.jpg,/8BTsTfln4jlQrLXUBquXJ0ASQy9.jpg,"[12, 28, 878]"
299537,Captain Marvel,"The story follows Carol Danvers as she becomes one of the universe’s most powerful heroes when Earth is caught in the middle of a galactic war between two alien races. Set in the 1990s, Captain Marvel is an all-new adventure from a previously unseen period in the history of the Marvel Cinematic Universe.",2019-03-06,6.77,17164,25.1542,en,/AtsgWhDnHTq68L0lLsUrCnM7TjG.jpg,/qAzYK4YPSWDc7aa4R43LcwRIAyb.jpg,"[28, 12, 878]"
1062722,Frankenstein,"Dr. Victor Frankenstein, a brilliant but egotistical scientist, brings a creature to life in a monstrous experiment that ultimately leads to the undoing of both the creator and his tragic creation.",2025-10-17,7.6,3858,24.6433,en,/g4JtvGlQO7DByTI6frUobqvSL3R.jpg,/hpXBJxLD2SEf8l2CspmSeiHrBKX.jpg,"[18, 14, 27]"
61791,Rise of the Planet of the Apes,"A highly intelligent chimpanzee named Caesar has been living a peaceful suburban life ever since he was born. But when he gets taken to a cruel primate facility, Caesar decides to revolt against those who have harmed him.",2011-08-03,7.4,13084,24.9998,en,/oqA45qMyyo1TtrnVEBKxqmTPhbN.jpg,/6cCF0KMUO2QmrVsQFujkQduREXX.jpg,"[53, 28, 18, 878]"
604,The Matrix Reloaded,"The Resistance builds in numbers as humans are freed from the Matrix and brought to the city of Zion. Neo discovers his superpowers, including the ability to see the code inside the Matrix. With machine sentinels digging to Zion in 72 hours, Neo, Morpheus and Trinity must find the Keymaker to ultimately reach the Source.",2003-05-15,7.085,12326,25.612,en,/8xEVAe84zlL9rkfYT6dZXero4KK.jpg,/ihOJcrorpDQtHTzIOrobbOhpJsj.jpg,"[12, 28, 53, 878]"
359724,Ford v Ferrari,"American car designer Carroll Shelby and the British-born driver Ken Miles work together to battle corporate interference, the laws of physics, and their own personal demons to build a revolutionary race car for Ford Motor Company and take on the dominating race cars of Enzo Ferrari at the 24 Hours of Le Mans in France in 1966.",2019-11-13,8.007,9313,25.8089,en,/dR1Ju50iudrOh3YgfwkAU1g2HZe.jpg,/2vq5GTJOahE03mNYZGxIynlHcWr.jpg,"[18, 36, 28]"
1719326,The Cheating Wife,"Two widows who find solace in each other and eventually fall in love. But when one of their supposedly dead husbands returns home blind, they are forced to hide their forbidden affair, testing the limits of love and loyalty.",2026-06-26,4.3,3,24.0568,tl,/3KVI4XvSTnGeUf5UriMN12uw4qj.jpg,/yUO84rpkNb4pSM9Ehh3sZYkaorP.jpg,[18]
1306368,The Rip,"Trust frays when a team of Miami cops discovers millions in cash inside a run-down stash house, calling everyone — and everything — into question.",2026-01-13,7.09,1932,25.4266,en,/4wsYWH73Hb1B6noGIFaRQSAkuXj.jpg,/kwNIQW7egAmI66sb0zIugMbpCfU.jpg,"[28, 53, 80]"
1400837,Other Mommy,"A young girl, Bela, forms a relationship with a sinister entity in her home who looks uncannily like her own mother.",2026-10-07,0.0,0,25.6916,en,/fGRNCssTRrhYZxNzykGGCoMsAVq.jpg,/wpx3J1ZuIZgWc9rzdfcj7fDru58.jpg,[27]
1432706,Bury the Devil,"When a hospice nurse finds herself trapped with a dementia patient, she begins to suspect something else is wrong with the woman, something otherworldly, and must fight to survive the night.",2026-03-06,5.696,23,24.9712,en,/yQ3GeVsebrhOPIBhIdoSslbndEv.jpg,/lWVnUBYG7nIb84gxa3tSeP8CghA.jpg,"[27, 53]"
1428226,Until the End of the World,"Manuel's life is upended when Esmeralda, his lost love from 15 years ago, calls unexpectedly. Despite being set to marry another, he rediscovers Esmeralda, and they realize their love transcends time.",2026-07-23,7.661,56,25.114,es,/6pwqbrrI1vHnID3wqfLIBLTM2Dd.jpg,/hmoNULa9OEIM5pCzXr1XnuTVgUT.jpg,[18]
810,Shrek the Third,"After the King of Far Far Away dies, Shrek and Fiona are to succede. However, Shrek wants to return to his cozy swamp and live in peace and quiet, so when he finds out there is another heir to the throne, he and Donkey set off to bring him back to rule the kingdom.",2007-05-17,6.3,9999,26.2146,en,/n4SexGGQzI26E269tfpa80MZaGV.jpg,/wvXxKpFGXvQJRB0nvvfURhRD3C0.jpg,"[14, 12, 16, 35, 10751]"
746036,The Fall Guy,"Fresh off an almost career-ending accident, stuntman Colt Seavers has to track down a missing movie star, solve a conspiracy and try to win back the love of his life while still doing his day job.",2024-04-24,7.0,4056,25.5955,en,/e7olqFmzcIX5c23kX4zSmLPJi8c.jpg,/2rjI2uXmjitMAaXVO21r9ao7v2j.jpg,"[28, 35, 10749]"
1612018,Jackass: Best and Last,The fifth and final installment to Jackass franchise where the crew go on one last insane crusade.,2026-06-25,7.5,251,25.9212,en,/tfgccePxnswMqhmtxafliLlcCVR.jpg,/dUbP1HNdI0aCq1zgRJw28PWSqmk.jpg,"[28, 35, 99]"
28,Apocalypse Now,"At the height of the Vietnam war, Captain Benjamin Willard is sent on a dangerous mission that, officially, ""does not exist, nor will it ever exist."" His goal is to locate - and eliminate - a mysterious Green Beret Colonel named Walter Kurtz, who has been leading his personal army on illegal guerrilla missions into enemy territory.",1979-05-19,8.261,9390,25.1074,en,/gQB8Y5RCMkv2zwzFHbUJX3kAhvA.jpg,/49fzLedFVKgGgFChLMuulDJBY1c.jpg,"[18, 10752]"
68726,Pacific Rim,"Using massive piloted robots to combat the alien threat, Earth's survivors take the fight to the invading alien force lurking in the depths of the Pacific Ocean. Nearly defenseless in the face of the relentless enemy, the forces of mankind have no choice but to turn to two unlikely heroes who now stand as Earth's final hope against the mounting apocalypse.",2013-07-11,6.949,13826,24.5584,en,/8wo4eN8dWKaKlxhSvBz19uvj8gA.jpg,/9X7Im1YuBhyHYVD8r7CAONPJR5k.jpg,"[28, 878, 12]"
119450,Dawn of the Planet of the Apes,"A group of scientists in San Francisco struggle to stay alive in the aftermath of a plague that is wiping out humanity, while Caesar tries to maintain dominance over his community of intelligent apes.",2014-07-08,7.343,12510,24.3587,en,/mSmAc9G25fhOHH45SLEeagR0qi7.jpg,/3SozaNPOYUadcmTPgndDibMyDNC.jpg,"[878, 28, 18, 53]"
177677,Mission: Impossible - Rogue Nation,"Ethan and team take on their most impossible mission yet—eradicating 'The Syndicate', an International and highly-skilled rogue organization committed to destroying the IMF.",2015-07-28,7.227,9951,25.0714,en,/fRJLXQBHK2wyznK5yZbO7vmsuVK.jpg,/vYIUN5rrCncHFY8WvcuXQlM4hk5.jpg,"[28, 12]"
1156593,Your Fault,The love between Noah and Nick seems unwavering despite their parents' attempts to separate them. But his job and her entry into college open up their lives to new relationships that will shake the foundations of both their relationship and the Leister family itself.,2024-12-26,7.096,1628,25.4913,es,/1sQA7lfcF9yUyoLYC0e6Zo3jmxE.jpg,/k24eZq5I3jyz4htPkZCRpnUmBzE.jpg,"[18, 10749]"
423,The Pianist,"The true story of pianist Władysław Szpilman's experiences in Warsaw during the Nazi occupation. When the Jews of the city find themselves forced into a ghetto, Szpilman finds work playing in a café; and when his family is deported in 1942, he stays behind, works for a while as a laborer, and eventually goes into hiding in the ruins of the war-torn city.",2002-09-17,8.371,10462,24.6222,en,/2hFvxCCWrTmCYwfy7yum0GKRi3Y.jpg,/c0fB9xk7D1aVb3Bg2rk2SVJcGn.jpg,"[18, 10752]"
575264,Mission: Impossible - Dead Reckoning Part One,"Ethan Hunt and his IMF team embark on their most dangerous mission yet: To track down a terrifying new weapon that threatens all of humanity before it falls into the wrong hands. With control of the future and the world's fate at stake and dark forces from Ethan's past closing in, a deadly race around the globe begins. Confronted by a mysterious, all-powerful enemy, Ethan must consider that nothing can matter more than his mission—not even the lives of those he cares about most.",2023-07-08,7.502,5378,24.8763,en,/NNxYkU70HPurnNCSiCjYAmacwm.jpg,/628Dep6AxEtDxjZoGP78TsOxYbK.jpg,"[28, 12, 53]"
363088,Ant-Man and the Wasp,"Just when his time under house arrest is about to end, Scott Lang once again puts his freedom at risk to help Hope van Dyne and Dr. Hank Pym dive into the quantum realm and try to accomplish, against time and any chance of success, a very dangerous rescue mission.",2018-07-04,6.896,14520,25.7922,en,/cFQEO687n1K6umXbInzocxcnAQz.jpg,/iYdgEUE2W2aJkgqfSjf1x3gFfuV.jpg,"[28, 12, 878]"
695721,The Hunger Games: The Ballad of Songbirds & Snakes,"64 years before he becomes the tyrannical president of Panem, Coriolanus Snow sees a chance for a change in fortunes when he mentors Lucy Gray Baird, the female tribute from District 12.",2023-11-15,7.0,3682,24.7933,en,/mBaXZ95R2OxueZhvQbcEWy2DqyO.jpg,/bk1TitfD4YIGrM6AvljonMCtfnl.jpg,"[878, 28]"
351286,Jurassic World: Fallen Kingdom,"Three years after Jurassic World was destroyed, Isla Nublar now sits abandoned. When the island's dormant volcano begins roaring to life, Owen and Claire mount a campaign to rescue the remaining dinosaurs from this extinction-level event.",2018-06-06,6.523,13013,24.5283,en,/x2Us3jR6ToMJjbcPbLimYoxf6xr.jpg,/gBmrsugfWpiXRh13Vo3j0WW55qD.jpg,"[12, 878, 53]"
82702,How to Train Your Dragon 2,"Five years after uniting the dragons and Vikings of Berk, Hiccup and Toothless soar beyond their homeland, charting the vast unknown. During one of their adventures, the pair discover a secret cave that houses hundreds of wild dragons—and a mysterious dragon rider with a startling connection to Hiccup. And as the ruthless conqueror Drago Bludvist rises to seize control of both dragons and people alike, Hiccup must step into his role as a true leader and, alongside his friends and Toothless, protect Berk from a devastating war.",2014-06-05,7.685,10683,26.2658,en,/d13Uj86LdbDLrfDoHR5aDOFYyJC.jpg,/8AAuJtCzaibYkbE0QVHc8EBsELB.jpg,"[14, 28, 12, 16, 10751]"
574475,Final Destination Bloodlines,"Plagued by a violent recurring nightmare, college student Stefanie heads home to track down the one person who might be able to break the cycle and save her family from the grisly demise that inevitably awaits them all.",2025-05-14,7.0,3124,25.2768,en,/6WxhEvFsauuACfv8HyoVX6mZKFj.jpg,/uIpJPDNFoeX0TVml9smPrs9KUVx.jpg,"[27, 9648]"
1613798,Vengeance,"The brutal murder of the wife of “Toro,” a military hero in the special forces, turns him into a man with a single purpose: revenge. After a stroke of fate makes him a millionaire, Carlos transforms his fortune into an arsenal and, together with his closest soldiers, sets out to hunt down those responsible.",2026-02-26,7.498,312,26.3688,es,/ygWXPL0RS91JyJPNOfK34eV3bRE.jpg,/xyW8rJO3rwG2EGcTO6eaUEa8b9d.jpg,"[28, 53]"
270303,It Follows,A young woman is followed by an unknown supernatural force after a sexual encounter.,2015-02-04,6.583,7152,24.5653,en,/iwnQ1JH1wdWrGYkgWySptJ5284A.jpg,/ikaRI4yMxKOje5SmOlAhOBUnicL.jpg,"[27, 9648]"
1100782,Smile 2,"About to embark on a new world tour, global pop sensation Skye Riley begins experiencing increasingly terrifying and inexplicable events. Overwhelmed by the escalating horrors and the pressures of fame, Skye is forced to face her dark past to regain control of her life before it spirals out of control.",2024-10-16,6.593,2338,23.809,en,/ht8Uv9QPv9y7K0RvUyJIaXOZTfd.jpg,/iR79ciqhtaZ9BE7YFA1HpCHQgX4.jpg,"[27, 9648]"
384018,Fast & Furious Presents: Hobbs & Shaw,"Ever since US Diplomatic Security Service Agent Hobbs and lawless outcast Shaw first faced off, they just have traded smack talk and body blows. But when cyber-genetically enhanced anarchist Brixton's ruthless actions threaten the future of humanity, they join forces to defeat him.",2019-07-31,6.821,7930,27.3505,en,/qRyy2UmjC5ur9bDi3kpNNRCc5nc.jpg,/hpgda6P9GutvdkDX5MUJ92QG9aj.jpg,"[28, 12, 35]"
447332,A Quiet Place,A family is forced to live in silence while hiding from creatures that hunt by sound.,2018-04-03,7.395,15732,24.6213,en,/nAU74GmpUk7t5iklEp3bufwDq4n.jpg,/nHRUtBwFNnNN70vcQ7lAsjc2T6S.jpg,"[27, 18, 878]"
75656,Now You See Me,An FBI agent and an Interpol detective track a team of illusionists who pull off bank heists during their performances and reward their audiences with the money.,2013-05-29,7.324,17138,25.4652,en,/tWsNYbrqy1p1w6K9zRk0mSchztT.jpg,/xEY0MV2jSQBz9iOJfCFvLTiPGMA.jpg,"[53, 80]"
1731694,LEGO Star Wars: The Mandalorian,"The Mandalorian and Grogu join their misfit allies for an epic party, celebrating their heroism. As friends regale the crowd with tales of their adventures, a pirate threat looms.",2026-09-02,6.8,29,27.6931,en,/x3HEvYXWOW6WHqsHmg2MUVy3SLm.jpg,/upecGaCuQOIbSpdz85mrJ395UMg.jpg,"[16, 878, 12, 10751, 28]"
311,Once Upon a Time in America,"A former Prohibition-era Jewish gangster returns to the Lower East Side of Manhattan over thirty years later, where he once again must confront the ghosts and regrets of his old life.",1984-05-23,8.372,6218,24.893,en,/i0enkzsL5dPeneWnjl1fCWm6L7k.jpg,/xlDUjb0Q5Dv6jPQRF5VE4IMjIy.jpg,"[18, 80]"
345,Eyes Wide Shut,"After Dr. Bill Harford's wife, Alice, admits to having sexual fantasies about a man she met, Bill becomes obsessed with having a sexual encounter. He discovers an underground sexual group and attends one of their meetings -- and quickly discovers that he is in over his head.",1999-07-16,7.486,7320,26.8576,en,/knEIz1eNGl5MQDbrEAVWA7iRqF9.jpg,/aC6wW62V6b0csr5iUnbOjYAqfhg.jpg,"[18, 53, 9648]"
